-- phpMyAdmin SQL Dump
-- version 5.2.1
-- https://www.phpmyadmin.net/
--
-- Host: 127.0.0.1
-- Generation Time: Apr 07, 2026 at 06:09 AM
-- Server version: 10.4.32-MariaDB
-- PHP Version: 8.2.12

SET SQL_MODE = "NO_AUTO_VALUE_ON_ZERO";
START TRANSACTION;
SET time_zone = "+00:00";


/*!40101 SET @OLD_CHARACTER_SET_CLIENT=@@CHARACTER_SET_CLIENT */;
/*!40101 SET @OLD_CHARACTER_SET_RESULTS=@@CHARACTER_SET_RESULTS */;
/*!40101 SET @OLD_COLLATION_CONNECTION=@@COLLATION_CONNECTION */;
/*!40101 SET NAMES utf8mb4 */;

--
-- Database: `theparak_library_db`
--

-- --------------------------------------------------------

--
-- Table structure for table `auth_group`
--

CREATE TABLE `auth_group` (
  `id` int(11) NOT NULL,
  `name` varchar(150) NOT NULL
) ENGINE=InnoDB DEFAULT CHARSET=utf8mb4 COLLATE=utf8mb4_general_ci;

-- --------------------------------------------------------

--
-- Table structure for table `auth_group_permissions`
--

CREATE TABLE `auth_group_permissions` (
  `id` int(11) NOT NULL,
  `group_id` int(11) NOT NULL,
  `permission_id` int(11) NOT NULL
) ENGINE=InnoDB DEFAULT CHARSET=utf8mb4 COLLATE=utf8mb4_general_ci;

-- --------------------------------------------------------

--
-- Table structure for table `auth_permission`
--

CREATE TABLE `auth_permission` (
  `id` int(11) NOT NULL,
  `name` varchar(255) NOT NULL,
  `content_type_id` int(11) NOT NULL,
  `codename` varchar(100) NOT NULL
) ENGINE=InnoDB DEFAULT CHARSET=utf8mb4 COLLATE=utf8mb4_general_ci;

--
-- Dumping data for table `auth_permission`
--

INSERT INTO `auth_permission` (`id`, `name`, `content_type_id`, `codename`) VALUES
(1, 'Can add log entry', 1, 'add_logentry'),
(2, 'Can change log entry', 1, 'change_logentry'),
(3, 'Can delete log entry', 1, 'delete_logentry'),
(4, 'Can view log entry', 1, 'view_logentry'),
(5, 'Can add permission', 2, 'add_permission'),
(6, 'Can change permission', 2, 'change_permission'),
(7, 'Can delete permission', 2, 'delete_permission'),
(8, 'Can view permission', 2, 'view_permission'),
(9, 'Can add group', 3, 'add_group'),
(10, 'Can change group', 3, 'change_group'),
(11, 'Can delete group', 3, 'delete_group'),
(12, 'Can view group', 3, 'view_group'),
(13, 'Can add user', 4, 'add_user'),
(14, 'Can change user', 4, 'change_user'),
(15, 'Can delete user', 4, 'delete_user'),
(16, 'Can view user', 4, 'view_user'),
(17, 'Can add content type', 5, 'add_contenttype'),
(18, 'Can change content type', 5, 'change_contenttype'),
(19, 'Can delete content type', 5, 'delete_contenttype'),
(20, 'Can view content type', 5, 'view_contenttype'),
(21, 'Can add session', 6, 'add_session'),
(22, 'Can change session', 6, 'change_session'),
(23, 'Can delete session', 6, 'delete_session'),
(24, 'Can view session', 6, 'view_session'),
(25, 'Can add book', 7, 'add_book'),
(26, 'Can change book', 7, 'change_book'),
(27, 'Can delete book', 7, 'delete_book'),
(28, 'Can view book', 7, 'view_book'),
(29, 'Can add category', 8, 'add_category'),
(30, 'Can change category', 8, 'change_category'),
(31, 'Can delete category', 8, 'delete_category'),
(32, 'Can view category', 8, 'view_category'),
(33, 'Can add author', 9, 'add_author'),
(34, 'Can change author', 9, 'change_author'),
(35, 'Can delete author', 9, 'delete_author'),
(36, 'Can view author', 9, 'view_author'),
(37, 'Can add borrowing', 10, 'add_borrowing'),
(38, 'Can change borrowing', 10, 'change_borrowing'),
(39, 'Can delete borrowing', 10, 'delete_borrowing'),
(40, 'Can view borrowing', 10, 'view_borrowing'),
(41, 'Can add review', 11, 'add_review'),
(42, 'Can change review', 11, 'change_review'),
(43, 'Can delete review', 11, 'delete_review'),
(44, 'Can view review', 11, 'view_review'),
(45, 'Can add favorite', 12, 'add_favorite'),
(46, 'Can change favorite', 12, 'change_favorite'),
(47, 'Can delete favorite', 12, 'delete_favorite'),
(48, 'Can view favorite', 12, 'view_favorite');

-- --------------------------------------------------------

--
-- Table structure for table `auth_user`
--

CREATE TABLE `auth_user` (
  `id` int(11) NOT NULL,
  `password` varchar(128) NOT NULL,
  `last_login` datetime(6) DEFAULT NULL,
  `is_superuser` tinyint(1) NOT NULL,
  `username` varchar(150) NOT NULL,
  `first_name` varchar(150) NOT NULL,
  `last_name` varchar(150) NOT NULL,
  `email` varchar(254) NOT NULL,
  `is_staff` tinyint(1) NOT NULL,
  `is_active` tinyint(1) NOT NULL,
  `date_joined` datetime(6) NOT NULL
) ENGINE=InnoDB DEFAULT CHARSET=utf8mb4 COLLATE=utf8mb4_general_ci;

--
-- Dumping data for table `auth_user`
--

INSERT INTO `auth_user` (`id`, `password`, `last_login`, `is_superuser`, `username`, `first_name`, `last_name`, `email`, `is_staff`, `is_active`, `date_joined`) VALUES
(1, 'pbkdf2_sha256$600000$XiYXVSJEBO9leSDcTiiyon$UfxZDeMKHC+n0SQLH0jvnrcdo0XUjABJKg6RcFzRvD8=', '2026-04-02 04:18:34.904722', 1, '68063361', 'Watcharapakron', 'Phopa', 'jatsteamsam@gmail.com', 1, 1, '2026-03-26 12:27:36.000000'),
(2, 'pbkdf2_sha256$600000$olfDpBxD0LDC5D2wQF8XWe$/z+mXfmgeWIedVAZkDMltVnN+rYjCvofIvr8ljmjTOc=', '2026-04-02 04:17:19.201421', 0, '6621393', 'Watcharapakron', 'Phopa', 'watcharapakron.pho@spumail.net', 0, 1, '2026-03-26 12:29:31.000000'),
(5, 'pbkdf2_sha256$600000$Okb6hbaCq2TW4zqapO3z51$6//FK25EUUJw6O5CyE2XTm7TkVljGnESQxPL2picVcU=', NULL, 0, '6621493', 'Arraiwa', 'Maiyatam', 'arraiwa.mai@spumail.net', 0, 1, '2026-03-29 06:16:01.186779'),
(6, 'pbkdf2_sha256$600000$eo5IRfjH3a4HAXiJ8hEMAx$dbEA6LpJgi37ku3BSIaTrHUaukfNc2/Vf4Xr2MEV2lU=', '2026-04-06 11:11:00.248188', 0, '6611001', 'ธนกฤต', 'รัตนวิจิตร', 'tanakrit@school.com', 0, 1, '2026-04-06 10:50:19.288243'),
(7, 'pbkdf2_sha256$600000$xinIkR6bOubsU46k5t2V0U$ApIEyYZ2px2zYp+vuTVg0bDQ+dHVx6Pug1RCKZDEwBI=', NULL, 0, '6611002', 'พิมพ์มาดา', 'สุขสวัสดิ์', 'pimmada@school.com', 0, 1, '2026-04-06 10:50:58.644045'),
(8, 'pbkdf2_sha256$600000$XY5OWuHBhFJPspzxM0MU9F$VM7cTxK1zy9nG+HcYJfr9jaz2RXP1dl66zSx1ULiDPE=', NULL, 0, '6712005', 'จิรพัฒน์', 'มั่นคง', 'jirapat@school.com', 0, 1, '2026-04-06 10:51:27.962021'),
(9, 'pbkdf2_sha256$600000$KWZTMqgX4BwPBuLQcp0Xos$EL2dfIf5iNadqFggTWgdwFmb077+e5KKDF01YwrVBgg=', NULL, 0, '6712010', 'กนกวรรณ', 'บุญรักษา', 'kanokwan@school.com', 0, 1, '2026-04-06 10:52:54.764284'),
(10, 'pbkdf2_sha256$600000$Z3XDrDgHtbBr65WoQ2Fe5P$9wu2FA6oupVGqk/xOEotuQMUadgJUFFAWze8m6MIedc=', '2026-04-06 11:09:43.003172', 1, 'Patraphong', '', '', 'ninja000za@gmail.com', 1, 1, '2026-04-06 11:09:14.371026');

-- --------------------------------------------------------

--
-- Table structure for table `auth_user_groups`
--

CREATE TABLE `auth_user_groups` (
  `id` int(11) NOT NULL,
  `user_id` int(11) NOT NULL,
  `group_id` int(11) NOT NULL
) ENGINE=InnoDB DEFAULT CHARSET=utf8mb4 COLLATE=utf8mb4_general_ci;

-- --------------------------------------------------------

--
-- Table structure for table `auth_user_user_permissions`
--

CREATE TABLE `auth_user_user_permissions` (
  `id` int(11) NOT NULL,
  `user_id` int(11) NOT NULL,
  `permission_id` int(11) NOT NULL
) ENGINE=InnoDB DEFAULT CHARSET=utf8mb4 COLLATE=utf8mb4_general_ci;

-- --------------------------------------------------------

--
-- Table structure for table `django_admin_log`
--

CREATE TABLE `django_admin_log` (
  `id` int(11) NOT NULL,
  `action_time` datetime(6) NOT NULL,
  `object_id` longtext DEFAULT NULL,
  `object_repr` varchar(200) NOT NULL,
  `action_flag` smallint(5) UNSIGNED NOT NULL CHECK (`action_flag` >= 0),
  `change_message` longtext NOT NULL,
  `content_type_id` int(11) DEFAULT NULL,
  `user_id` int(11) NOT NULL
) ENGINE=InnoDB DEFAULT CHARSET=utf8mb4 COLLATE=utf8mb4_general_ci;

--
-- Dumping data for table `django_admin_log`
--

INSERT INTO `django_admin_log` (`id`, `action_time`, `object_id`, `object_repr`, `action_flag`, `change_message`, `content_type_id`, `user_id`) VALUES
(1, '2026-03-26 12:29:31.829802', '2', '6621393', 1, '[{\"added\": {}}]', 4, 1),
(2, '2026-03-26 12:30:30.818027', '2', '6621393', 2, '[{\"changed\": {\"fields\": [\"First name\", \"Last name\", \"Email address\"]}}]', 4, 1),
(3, '2026-03-26 12:32:05.009574', '1', '68063361', 2, '[{\"changed\": {\"fields\": [\"First name\", \"Last name\"]}}]', 4, 1),
(4, '2026-03-29 04:58:02.075746', '2', '6621393', 2, '[{\"changed\": {\"fields\": [\"password\"]}}]', 4, 1);

-- --------------------------------------------------------

--
-- Table structure for table `django_content_type`
--

CREATE TABLE `django_content_type` (
  `id` int(11) NOT NULL,
  `app_label` varchar(100) NOT NULL,
  `model` varchar(100) NOT NULL
) ENGINE=InnoDB DEFAULT CHARSET=utf8mb4 COLLATE=utf8mb4_general_ci;

--
-- Dumping data for table `django_content_type`
--

INSERT INTO `django_content_type` (`id`, `app_label`, `model`) VALUES
(1, 'admin', 'logentry'),
(3, 'auth', 'group'),
(2, 'auth', 'permission'),
(4, 'auth', 'user'),
(5, 'contenttypes', 'contenttype'),
(9, 'library', 'author'),
(7, 'library', 'book'),
(10, 'library', 'borrowing'),
(8, 'library', 'category'),
(12, 'library', 'favorite'),
(11, 'library', 'review'),
(6, 'sessions', 'session');

-- --------------------------------------------------------

--
-- Table structure for table `django_migrations`
--

CREATE TABLE `django_migrations` (
  `id` int(11) NOT NULL,
  `app` varchar(255) NOT NULL,
  `name` varchar(255) NOT NULL,
  `applied` datetime(6) NOT NULL
) ENGINE=InnoDB DEFAULT CHARSET=utf8mb4 COLLATE=utf8mb4_general_ci;

--
-- Dumping data for table `django_migrations`
--

INSERT INTO `django_migrations` (`id`, `app`, `name`, `applied`) VALUES
(1, 'contenttypes', '0001_initial', '2026-03-26 12:18:14.279037'),
(2, 'auth', '0001_initial', '2026-03-26 12:18:14.739551'),
(3, 'admin', '0001_initial', '2026-03-26 12:18:14.827668'),
(4, 'admin', '0002_logentry_remove_auto_add', '2026-03-26 12:18:14.833909'),
(5, 'admin', '0003_logentry_add_action_flag_choices', '2026-03-26 12:18:14.842115'),
(6, 'contenttypes', '0002_remove_content_type_name', '2026-03-26 12:18:14.898038'),
(7, 'auth', '0002_alter_permission_name_max_length', '2026-03-26 12:18:14.946209'),
(8, 'auth', '0003_alter_user_email_max_length', '2026-03-26 12:18:14.958076'),
(9, 'auth', '0004_alter_user_username_opts', '2026-03-26 12:18:14.964428'),
(10, 'auth', '0005_alter_user_last_login_null', '2026-03-26 12:18:15.006921'),
(11, 'auth', '0006_require_contenttypes_0002', '2026-03-26 12:18:15.009018'),
(12, 'auth', '0007_alter_validators_add_error_messages', '2026-03-26 12:18:15.020307'),
(13, 'auth', '0008_alter_user_username_max_length', '2026-03-26 12:18:15.034315'),
(14, 'auth', '0009_alter_user_last_name_max_length', '2026-03-26 12:18:15.048604'),
(15, 'auth', '0010_alter_group_name_max_length', '2026-03-26 12:18:15.062768'),
(16, 'auth', '0011_update_proxy_permissions', '2026-03-26 12:18:15.070430'),
(17, 'auth', '0012_alter_user_first_name_max_length', '2026-03-26 12:18:15.084330'),
(18, 'sessions', '0001_initial', '2026-03-26 12:18:15.118506'),
(19, 'library', '0001_initial', '2026-03-26 12:19:14.854015'),
(20, 'library', '0002_remove_book_pdf_file_alter_author_id_alter_book_id_and_more', '2026-03-29 04:02:56.489058'),
(21, 'library', '0003_alter_borrowing_borrow_date', '2026-03-29 05:22:30.266691'),
(22, 'library', '0004_book_serial_number', '2026-04-02 04:11:43.383658'),
(23, 'library', '0005_favorite', '2026-04-02 04:11:43.505840'),
(24, 'library', '0006_alter_book_isbn_alter_book_serial_number', '2026-04-02 04:13:41.174129'),
(25, 'library', '0007_remove_book_isbn', '2026-04-02 04:14:41.397947');

-- --------------------------------------------------------

--
-- Table structure for table `django_session`
--

CREATE TABLE `django_session` (
  `session_key` varchar(40) NOT NULL,
  `session_data` longtext NOT NULL,
  `expire_date` datetime(6) NOT NULL
) ENGINE=InnoDB DEFAULT CHARSET=utf8mb4 COLLATE=utf8mb4_general_ci;

--
-- Dumping data for table `django_session`
--

INSERT INTO `django_session` (`session_key`, `session_data`, `expire_date`) VALUES
('b8pkszkrcywtqixjs13foaun64mysoyy', '.eJxVjDsOwjAQBe_iGlnr-AslPWewvOs1DiBHipMKcXcSKQW0b2beW8S0LjWunec4ZnERCsTpd8RET247yY_U7pOkqS3ziHJX5EG7vE2ZX9fD_Tuoqdet1sqcjcKCZVBALgSE4KwtfjAZmAA06Y1yyYCGUaHDohWj9qTBoxWfLwKkOHE:1w9hpv:5ZJsyDxVCPOYJqwqpAVW36zrNW93WSPAFmhepUzY_b8', '2026-04-20 11:09:43.006847'),
('fb2hrzde4m2k4e28o8e01vszd3996z3o', '.eJxVjMEOwiAQBf-FsyGwQAGP3v0GAuwiVQNJaU_Gf9cmPej1zcx7sRC3tYZt0BJmZGcG7PS7pZgf1HaA99hunefe1mVOfFf4QQe_dqTn5XD_Dmoc9Vub6NAgwWRNJEelWNJCqSI0FlGs1B4FocgebZ5AeqOKAsQEkjI5B-z9AfyJOG4:1w6iPi:LbdvXRfZdV3m2RktaVLI_4sIiKWqr0LJD6Nl-YB6heI', '2026-04-12 05:10:18.302010'),
('klvkgmfedgdf0ag1jdts3ber5ftwpwx1', '.eJxVjMEOwiAQBf-FsyGwQAGP3v0GAuwiVQNJaU_Gf9cmPej1zcx7sRC3tYZt0BJmZGcG7PS7pZgf1HaA99hunefe1mVOfFf4QQe_dqTn5XD_Dmoc9Vub6NAgwWRNJEelWNJCqSI0FlGs1B4FocgebZ5AeqOKAsQEkjI5B-z9AfyJOG4:1w6o8P:4zzWvBdFkkLxGZ-_8BA_SU_Gyg458DebiQvcFpsO8m8', '2026-04-12 11:16:49.085409'),
('vqp16pbbtxumqnpp7cx1x3ubco9i701a', '.eJxVjDsOwyAQRO9CHSE-azAp0_sMaFkgOIlAMnYV5e6xJRdJOfPezJt53Nbit54WP0d2ZZJdfruA9Ez1APGB9d44tbouc-CHwk_a-dRiet1O9--gYC_72oWoCXMYMWEeAAQgjCm4DATWWVSR9qCENUZSVnoQRsqEoLM2ICiyzxcMNjhZ:1w6jIw:nLI9raPfxbt_AAFE2M9tc1hgDivh3zqjOAiIXVu_KKc', '2026-04-12 06:07:22.237232'),
('yaz6i3b14qfzc28cw0txcv0st5lop8l5', '.eJxVjMEOwiAQBf-FsyGwQAGP3v0GAuwiVQNJaU_Gf9cmPej1zcx7sRC3tYZt0BJmZGcG7PS7pZgf1HaA99hunefe1mVOfFf4QQe_dqTn5XD_Dmoc9Vub6NAgwWRNJEelWNJCqSI0FlGs1B4FocgebZ5AeqOKAsQEkjI5B-z9AfyJOG4:1w6jQR:7r7ZwbDGJe7efDCTdcLcJ1kZz4V9GXpK92CK8KQxrF8', '2026-04-12 06:15:07.043464');

-- --------------------------------------------------------

--
-- Table structure for table `library_author`
--

CREATE TABLE `library_author` (
  `id` bigint(20) NOT NULL,
  `first_name` varchar(100) NOT NULL,
  `last_name` varchar(100) NOT NULL,
  `bio` longtext NOT NULL,
  `created_at` datetime(6) NOT NULL
) ENGINE=InnoDB DEFAULT CHARSET=utf8mb4 COLLATE=utf8mb4_general_ci;

--
-- Dumping data for table `library_author`
--

INSERT INTO `library_author` (`id`, `first_name`, `last_name`, `bio`, `created_at`) VALUES
(3, 'อ.พรทิพย์', 'สุขี', '', '2026-04-06 07:32:56.590473'),
(4, 'อ.สมชาย', 'พรประภา', '', '2026-04-06 07:51:28.511582'),
(5, 'อ.จินตนา', 'แก้วมณี', '', '2026-04-06 07:55:09.496233'),
(6, 'ดร.วรรณภา', 'ศรีกร', '', '2026-04-06 08:01:11.141711'),
(7, 'อ.ธนากร', 'บุญธรรม', '', '2026-04-06 08:28:30.084310'),
(8, 'อ.สมศักดิ์', 'ปัญญาดี', '', '2026-04-06 08:30:14.135407'),
(9, 'ดร.ประภาส', 'เพิ่มสุข', '', '2026-04-06 08:35:34.431826'),
(10, 'เบท', 'โฮตาลา', '', '2026-04-06 09:07:19.863218'),
(11, 'อาร์. เจ.', 'ปาลาซิโอ', '', '2026-04-06 09:12:12.178811'),
(12, 'จอห์น', 'บอยน์', '', '2026-04-06 09:15:50.277369'),
(13, 'ยูวัล โนอาห์', 'แฮรารี', '', '2026-04-06 09:24:03.074679'),
(14, 'สุเนตร', 'ชุตินธรานนท์', '', '2026-04-06 09:26:34.127039'),
(15, 'อ.อูรคาน', 'มุฮัมหมัด อาลี', '', '2026-04-06 09:31:38.136917'),
(16, 'ศนิโรจน์', 'ธรรมยศ', '', '2026-04-06 09:33:31.993997'),
(17, 'เจอร์รี', 'บรอตตัน', '', '2026-04-06 09:45:16.202678'),
(18, 'โมงิ', 'เคนอิจิโร่', '', '2026-04-06 09:49:23.637925'),
(19, 'สุชาติ', 'สุภาพ', '', '2026-04-06 09:53:03.341839'),
(20, 'มาร์ก', 'มิโอดอฟนิก', '', '2026-04-06 09:54:13.399751'),
(21, 'สมรัก', 'ปริยะวาที', '', '2026-04-06 10:10:08.538922'),
(22, 'วิเชษฐ์', 'พลายมาศ', '', '2026-04-06 10:13:39.829523'),
(23, 'ภาคศิริ', 'ทองเสน', '', '2026-04-06 10:20:33.516312'),
(24, 'ศาสตราจารย์สุชารัช', 'ริมกีรคิกุล', '', '2026-04-06 10:26:37.964625'),
(25, 'Half', 'Life', '', '2026-04-06 10:35:43.149566'),
(26, 'อาจวรงค์', 'จันทมาศ', '', '2026-04-06 10:39:43.339268');

-- --------------------------------------------------------

--
-- Table structure for table `library_book`
--

CREATE TABLE `library_book` (
  `id` bigint(20) NOT NULL,
  `title` varchar(200) NOT NULL,
  `description` longtext NOT NULL,
  `publication_date` date DEFAULT NULL,
  `pages` int(11) DEFAULT NULL,
  `cover_image` varchar(100) DEFAULT NULL,
  `is_available` tinyint(1) NOT NULL,
  `created_at` datetime(6) NOT NULL,
  `updated_at` datetime(6) NOT NULL,
  `category_id` bigint(20) DEFAULT NULL,
  `serial_number` varchar(20) DEFAULT NULL
) ENGINE=InnoDB DEFAULT CHARSET=utf8mb4 COLLATE=utf8mb4_general_ci;

--
-- Dumping data for table `library_book`
--

INSERT INTO `library_book` (`id`, `title`, `description`, `publication_date`, `pages`, `cover_image`, `is_available`, `created_at`, `updated_at`, `category_id`, `serial_number`) VALUES
(5, 'สรุปเข้ม TGAT 1 ความสามารถในการสื่อสาร', 'สรุปเนื้อหาสำคัญ TGAT 1 ภาษาไทยและภาษาอังกฤษ พร้อมเทคนิคทำข้อสอบเร่งด่วน', '2025-01-01', NULL, 'book_covers/Gemini_Generated_Image_ny5ypny5ypny5ypn.png', 1, '2026-04-06 07:33:56.616199', '2026-04-06 07:33:56.616249', 6, '06042026001'),
(6, 'ตะลุยโจทย์ TPAT 3 พื้นฐานวิศวะ', 'เจาะลึกแนวข้อสอบ TPAT 3 ทั้ง 3 ส่วน พร้อมเฉลยละเอียดทุกข้อ', '2024-10-09', NULL, 'book_covers/Gemini_Generated_Image_ieqzc0ieqzc0ieqz.png', 1, '2026-04-06 07:53:21.396761', '2026-04-06 07:53:21.396821', 6, '06042026002'),
(7, 'A-Level ภาษาไทย พิชิต 9 วิชา', 'รวมแนวข้อสอบ A-Level ภาษาไทย ครอบคลุมทุกหัวข้อหลัก', '2024-11-16', NULL, 'book_covers/Gemini_Generated_Image_3pqzug3pqzug3pqz.png', 1, '2026-04-06 07:55:57.760081', '2026-04-06 07:55:57.760155', 6, '06042026003'),
(8, 'รวมสูตรเลข O-NET ม.6', 'คู่มือรวมสูตรคณิตศาสตร์ที่จำเป็นสำหรับ', '2024-06-01', NULL, 'book_covers/Gemini_Generated_Image_42ptr842ptr842pt.png', 1, '2026-04-06 08:01:48.407241', '2026-04-06 08:01:48.407291', 6, '06042026004'),
(9, 'ฟิสิกส์พิชิตฝัน ม.4-6', 'สรุปเนื้อหาฟิสิกส์พื้นฐานและระดับสูง พร้อมแบบฝึกหัด', '2024-04-19', NULL, 'book_covers/Gemini_Generated_Image_39l5jl39l5jl39l5.png', 1, '2026-04-06 08:29:22.634082', '2026-04-06 08:29:22.634133', 6, '06042026005'),
(10, 'โจทย์เคมี ม.6 เฉลยละเอียด', 'ตะลุยโจทย์เคมี ม.6 เพื่อเตรียมสอบ A-Level และสอบเข้า', '2024-09-19', NULL, 'book_covers/Gemini_Generated_Image_3hejs43hejs43hej.png', 1, '2026-04-06 08:30:53.190900', '2026-04-06 08:30:53.190938', 6, '06042026006'),
(11, 'ชีววิทยา A-Level (ระดับโมเลกุล)', 'คู่มือเจาะลึกชีววิทยา A-Level พร้อมเฉลยละเอียดและเทคนิคจำ', '2024-02-15', NULL, 'book_covers/Gemini_Generated_Image_cqigt9cqigt9cqig.png', 1, '2026-04-06 08:36:49.437463', '2026-04-06 08:36:49.437516', 6, '06042026007'),
(12, 'รวมสรุปสังคมศึกษา O-NET', 'สรุปเนื้อหา O-NET สังคมศึกษาฉบับเร่งด่วน พร้อมแนวข้อสอบเก่า', '2025-10-02', NULL, 'book_covers/Gemini_Generated_Image_4a6u84a6u84a6u84.png', 1, '2026-04-06 08:45:48.511423', '2026-04-06 08:45:48.511476', 6, '06042026008'),
(13, 'พื้นฐานคอมพิวเตอร์และการสอบวิชาเฉพาะ', 'คู่มือเตรียมสอบวิชาเฉพาะด้านคอมพิวเตอร์และ IT สำหรับ ม.ปลาย', '2024-11-20', NULL, 'book_covers/Gemini_Generated_Image_1rlpyh1rlpyh1rlp.png', 1, '2026-04-06 08:48:54.425026', '2026-04-06 08:48:54.425090', 6, '06042026009'),
(14, 'แบบฝึกหัดภาษาอังกฤษ', 'รวมแบบฝึกหัดภาษาอังกฤษระดับ ม.4-6 เพื่อฝึกฝนความคล่องแคล่ว', '2024-06-20', NULL, 'book_covers/Gemini_Generated_Image_jobhazjobhazjobh.png', 1, '2026-04-06 08:52:15.514944', '2026-04-06 08:52:15.514998', 6, '06042026010'),
(15, 'นกกระจอกเทศกับสิ่งที่หลงหายและพี่ชายของฉัน', 'โอลิเวีย แกรนต์ เด็กหญิงวัย 11 ปี ผู้มีความสามารถพิเศษในการหาของ ไม่ว่าใครทำอะไรหาย เธอก็หาเจออยู่เสมอ ยกเว้นตุ๊กตุ่นนกกระเทศของเจค็อบ พี่ชายผู้เป็นออทิสติก ที่หาเท่าไหร่ก็หาไม่เจอ แล้วมันดันสำคัญมากด้วย เพราะเมื่อมันหายไป เจค็อบก็อาละวาดหนักขึ้น พ่อแม่ที่มักทุ่มเทความสนใจให้พี่ชายอยู่แล้ว ก็ยิ่งทวีความสนใจขึ้นอีก ในบ้านที่ทุกอย่างดูเหมือนจะหมุนรอบตัวเจค็อบ โอลิเวียจึงรู้สึกอึดอัดและไร้ตัวตน อันเนื่องมาจาก “ความไม่ปกติ” ของพี่ชาย', '2020-11-11', NULL, 'book_covers/นกกระจอก-01-510x510.png', 1, '2026-04-06 09:08:36.053417', '2026-04-06 09:08:36.053490', 2, '06042026011'),
(16, 'เด็กชาย นก และช่างต่อโลง', 'อัลเบอร์โตอาศัยอยู่ตามลำพังในเมืองอัลลอราที่ที่ปลาบินขึ้นมาจากผืนทะเลและชาวบ้านทุกคนรู้ความเป็นไปของกันและกันเป็นอย่างดีที่นี่อัลเบอร์โตต่อโลงให้ทั้งคนมีคนยากแต่ชีวิตที่ต้องอยู่อย่างโดดเดี่ยวก็เป็นเรื่องน่าหดหู่เช่นกันจนกระทั่งเด็กชายตัวเล็กๆ กับนกวิเศษเดินเข้ามาและเปลี่ยนชีวิตเขาไปตลอดกาลนั่นแหละ', '2021-02-10', NULL, 'book_covers/BBCM-01-510x510.png', 1, '2026-04-06 09:10:37.022781', '2026-04-06 09:10:37.022869', 2, '06042026012'),
(17, 'ชีวิตมหัศจรรย์ของออกัสต์', 'ถ้าโลกนี้มีตะเกียงวิเศษจริงๆ ละก็ ออกัสต์ พูลล์แมน จะขอให้ตัวเองมีใบหน้าปกติที่ไม่มีใครสนใจเลย และเดินบนถนนได้โดยไม่มีใครเบือนหน้าหนี เพราะความจริงแล้ว เขามีใบหน้าที่ปกติผิดรูปจนคุณอาจคาดไม่ถึง ในโชคร้ายก็ยังมีโชคดีที่ออกัสต์เกิดมาในครอบครัวซึ่งประกอบไปด้วยพ่อ แม่และพี่สาวที่รักและดูแลปกป้องเขาอย่างดีจนน่าชื่นใจ ออกัสต์ใช้ชีวิตอยู่ในเกราะป้องกันของครอบครัว จนกระทั้งอายุออกัสต์อายุสิบขวบ พ่อและแม่ก็ตัดสินใจส่งเขาเข้าเรียนในโรงเรียน', '2019-02-14', NULL, 'book_covers/springbookscover21-01-768x768.png', 1, '2026-04-06 09:11:42.836479', '2026-04-06 09:11:42.836525', 2, '06042026013'),
(18, 'อ๊อกกี้กับฉันและชีวิตมหัศจรรย์ของเรา', 'เรื่องราวแห่งการเติบโต มิตรภาพ และการเรียนรู้ที่จะทำดีต่อกันทีละเล็กทีละน้อยอย่างไรก็ดี อ๊อกกี้กับฉัน และชีวิตมหัศจรรย์ของเรา คงไม่ได้มีเจตนาเขียนขึ้นเพื่อแก้ตัวตัวให้กับเด็กๆ เหล่านี้ แต่ต้องไม่ลืมว่า ชีวิตของคนคนหนึ่งมีเรื่องราวมากมายเกินกว่าจะตัดสินด้วยความผิดพลาดเพียงครั้งเดียว ใครๆก็เคยทำผิดกันมาแล้วทั้งนั้น ที่สำคัญคือ เมื่อผิดแล้วเราทำอย่างไรต่างหาก', '2020-06-10', NULL, 'book_covers/auggie-01-510x510.png', 1, '2026-04-06 09:13:13.364412', '2026-04-06 09:13:13.364647', 2, '06042026014'),
(19, 'แล้วเจอกันในจักรวาล', 'เรื่องเล่าของเด็กชายผู้หลงรักอวกาศ การเดินทางของเด็กชายเพื่อส่งไอพ็อดทองคำที่บันทึกเรื่องราวของเขาสู่ห้วงอวกาศ โดยหวังว่าสิ่งมีชีวิตทรงปัญญานอกโลกจะได้ฟังเรื่องเล่าของเขาอยากรู้จังว่าจะเกิดอะไรขึ้นตอนที่พวกคุณเจอมันจริงๆอยากรู้จังว่าพวกคุณจะคิดยังไงเมื่อฟังเสียงบันทึกเหล่านี้ตอนที่พวกคุณได้ยินเสียงของเด็กผู้ชายจากดาวโลกคนที่พยายามจะเข้มแข็ง เด็กผู้ชายที่พยายามจะค้นหาความจริง และเด็กผู้ชายที่รักครอบครัว เพื่อนๆ แล้วก็หมาซึ่งเขาตั้งชื่อตามฮีโร่ของเขา…พวกคุณเคยสูญเสียคนรักบ้างไหมแล้วพวกคุณได้เจอเขาหรือเธออีกรึเปล่าพวกคุณทำยังไง บางทีพวกคุณอาจไม่มีปัญหานี้ เพราะว่าพวกคุณไม่เคยแยกจากคนที่รักเลย…', '2019-02-15', NULL, 'book_covers/c-u-in-the-cosmos-01-510x510.png', 1, '2026-04-06 09:14:05.613932', '2026-04-06 09:14:05.613985', 2, '06042026015'),
(20, 'แพ็กซ์', 'แพ็กซ์ คือชื่อของลูกหมาจิ้งจอกตัวหนึ่งที่รอดจากอุบัติเหตุฝีมือมนุษย์ แล้วปีเตอร์ เด็กชายตัวเอกก็เก็บมันไปเลี้ยงอยู่เป็นปีๆ จนกระทั่งวันหนึ่งเขาต้องพาแพ็กซ์ไปปล่อยในป่า แล้วรีบหนีจากมา เพราะโลกกำลังเกิดสงคราม นี่คือวรรณกรรมเยาวชนอีกเล่มที่ฉากหลังของเรื่องมีเสียงปืน ระเบิด และการสู้รบแต่เรื่องนี้ต่างจากเรื่องอื่นๆ ตรงที่ผู้เขียนเลือกจะไม่ระบุว่าเหตุการณ์ในเรื่องคือสงครามโลกยุคไหน เธอเขียนขึ้นมาราวกับมันคือเหตุการณ์ที่เกิดขึ้นเมื่อวาน หรืออาจเกิดวันนี้ พรุ่งนี้ ณ ที่หนึ่งที่ใดของโลกก็ได้ เพราะแท้จริงแล้วการสู้รบกันไม่เคยหมดไปจากโลก และผู้ใหญ่ก็สร้างความขัดแย้งต่างๆ ขึ้นมาใหม่เสมอ', '2018-06-28', NULL, 'book_covers/youthcover30-01-510x510.png', 1, '2026-04-06 09:15:22.147307', '2026-04-06 09:15:22.147359', 2, '06042026016'),
(21, 'เด็กชายในชุดนอนลายทาง', 'เด็กชายในชุดนอนลายทาง คือเรื่องราวจากหน้าประวัติศาสตร์เล่าผ่านมุมมองของบรูโน เด็กชายวัยเก้าขวบผู้ไร้เดียงสา ที่ต้องจากบ้านของตัวเองมาอยู่ในบ้านหลังใหม่ซึ่งต่างไปจากเดิมมาก เขาต้องพยายามทำความเข้าใจสถานที่แห่งใหม่นี้คือที่ไหนและเกิดอะไรขึ้นกันแน่ ผุ้เขียนคิดว่า การจะอ่านเรื่องนี้ให้สนุกควรอ่านโดยที่ไม่รู้ว่าอะไรเป็นอะไร และดื่มด่ำไปกับปริศนาที่ซ่อนอยู่ระหว่างบรรทัด', '2008-01-31', NULL, 'book_covers/youthcover15-01-768x768.png', 1, '2026-04-06 09:17:03.765495', '2026-04-06 09:17:03.765643', 2, '06042026017'),
(22, 'ออกเสียงช้าๆเป็นคำว่ากล้าหาญ', 'คิโยชิคือเด็กชายผู้ไม่อาจออกเสียงพยัญชนะบางตัวในภาษาญี่ปุ่น\r\nและต้องย้ายเมืองบ่อยๆ จนเข้ากับเพื่อนใหม่ในโรงเรียนไม่ค่อยได้\r\nขอเพียงมีใครสักคนที่เขาเล่าเรื่องทุกอย่างในใจให้ฟังได้…ก็คงจะดี\r\nทว่าทุกอย่างเปลี่ยนไปเมื่อเขาได้เจอผู้คนมากมาย\r\nทั้งเข้ามารักษาหัวใจที่บอบช้ำและเปลี่ยนอุปสรรคให้กลายเป็นแรงผลักดัน\r\nจนเกิดเป็นความกล้าหาญที่จะเปลี่ยนชีวิตของเด็กชายไปตลอดกาล', '2013-10-10', NULL, 'book_covers/1000286813-คโยชโกะ-ออกเสยงชาๆเปนคำวากลาหาญ-510x510.jpg', 1, '2026-04-06 09:19:25.856102', '2026-04-06 09:19:25.856147', 2, '06042026018'),
(24, 'เซเปียนส์ ประวัติย่อมนุษยชาติ', '\"เซเปียนส์ ประวัติย่อมนุษยชาติ : Sapiens A Brief History of Humankind\" บอกเล่าเรื่องราวอันโลดโผนของประวัติศาสตร์ที่แสนพิเศษของพวกเรา นับตั้งแต่เมื่อครั้งยังเป็นลิงไร้หางที่ไม่สลักสำคัญใด จนกลายเป็นเจ้าผู้ครอบครองโลก', '2015-10-14', NULL, 'book_covers/f93mqsgm_xvstXV9.webp', 1, '2026-04-06 09:25:03.799944', '2026-04-06 09:25:03.800005', 4, '06042026019'),
(25, 'พม่ารบไทย', 'นำเสนอบทความที่มุ่งตีแผ่เรื่องราวและเหตุการณ์ในสงครามที่ไทยมีกับพม่า ตามที่ปรากฏในพงศาวดารพม่าฉบับต่างๆ ซึ่งมีทั้งสาระและมุมมองที่หาอ่านไม่ได้ในเอกสารไทย และได้ถูกเรียบเรียงไว้ให้ศึกษาเป็นอย่างดีแล้วในเล่ม โดยข้อมูลใหม่เหล่านี้จะพลิกความรู้และความเข้าใจเดิมที่มีตกทอดกันสืบมาในแวดวงการศึกษาประวัติศาสตร์ความสัมพันธ์ไทย-พม่าในชุมชนวิชาการไทยเลยทีเดียว', '1994-06-08', NULL, 'book_covers/alf0jcca.webp', 1, '2026-04-06 09:27:15.194784', '2026-04-06 09:27:15.194839', 4, '06042026020'),
(26, 'ประวัติศาสตร์โลกฉบับออกซฟอร์ด', '\"ประวัติศาสตร์โลกฉบับออกซฟอร์ด\" เล่มนี้ ครอบคลุมตลอดหน้าประวัติศาสตร์ของมนุษย์ มันคือการรวมตัวกันของนักประวัติศาสตร์ระดับโลกมากมาย โดยมี \"เฟลิเป้ เฟอร์นานเดซ-อาร์เมสโต\" เป็นหัวเรือนำทางในการเล่าเรื่องราวของมนุษยชาติกว่า 200,000 ปี ตั้งแต่จุดกำเนิดของเผ่าพันธุ์โฮโม เซเบียนส์ ไปจนถึงศตวรรษที่ 21 พร้อมทั้งสืบสาวถึงการเปลี่ยนแปลงครั้งใหญ่ทางประวัติศาสตร์ การไหลเวียนของแนวคิดต่าง ๆ (ทั้งดีและไม่ดี)', '2007-06-23', NULL, 'book_covers/fu33vmbw.webp', 1, '2026-04-06 09:28:36.638015', '2026-04-06 09:28:36.638064', 4, '06042026021'),
(27, 'ความงดงามของหน้าประวัติศาสตร์ออตโตมาน', 'หนังสือเล่มนี้เป็นการนำเสนอเนื้อหาบางส่วนของประวัติศาสตร์ออตโตมานโดยได้นำเสนอเหตุการณ์จากบันทึกประวัติศาสตร์ที่จะทำให้ผู้อ่านได้พบเจอแง่มุมที่ไม่ค่อยถูกกล่าวถึงมากนักในหน้าประวัติศาสตร์ ซึ่งสามารถใช้เป็นข้อมูลพื้นฐานหรือเป็นคู่มือในการสืบค้นข้อมูลอื่นๆที่เกี่ยวกับจักรวรรดิออตโตมานอีกด้วย', '2005-06-10', NULL, 'book_covers/oaepq1w2.webp', 1, '2026-04-06 09:32:34.426094', '2026-04-06 09:32:34.426160', 4, '06042026022'),
(29, 'สมรภูมิครองยุโรปของนาซีเยอรมัน', 'กองทัพนาซีเปิดฉากสงคราม ตามคำบัญชาของ \"อดอล์ฟ ฮิตเลอร์\" ผู้หมายครองความเป็นใหญ่เหนือชนชาติอื่น สมรภูมิสำคัญที่เหล่าขุนศึกเยอรมันพยายามพิชิตให้ได้ก็คือ \"แนวรบด้านตะวันตก\" ซึ่งมหาอำนาจอย่างอังกฤษและฝรั่งเศสก็อยู่ในทิศทางการรุกรานนั้น สงครามนองเลือดจึงเกิดขึ้นอย่างรุนแรง และยิ่งดุเดือดเมื่อสหรัฐอเมริกาเข้ามาร่วมวง ทุกฝ่ายระดมสรรพกำลัง อาวุธยุทโธปกรณ์ กลยุทธ์ทุกอย่างเพื่อชิงชัยในมหาสงคราม ปฐมบทแห่งสงครามโลกครั้งที่ 2 จนถึงวาระสุดท้ายของฮิตเลอร์และการล่มสลายของอาณาจักรไรช์ที่ 3 ส่วนหนึ่งมีที่มาจากการศึกที่ยาวนานกว่า 5 ปี บนแนวรบแห่งนี้ และนี่คือ แนวรบด้านตะวันตก สมรภูมิครองยุโรปของนาซีเยอรมัน!', '2006-03-16', NULL, 'book_covers/5m8g4tkd.webp', 1, '2026-04-06 09:39:52.939525', '2026-04-06 09:39:52.939581', 4, '06042026023'),
(30, 'กองกำลังเอสเอส หน่วยพิฆาตแห่งนาซี', 'หนังสือ \"กองกำลังเอสเอส หน่วยพิฆาตแห่งนาซี\" เล่มนี้ เป็นเสมือนแว่นขยายเจาะลึกกำลังพลที่มีบทบาทสำคัญ เปิดให้เห็นอีกแง่มุมหนึ่งของกองทัพนาซีเยอรมัน ชี้ให้เห็นพัฒนาการของกองพลทหารที่แข็งแกร่งรบพุ่งต่อสู้ไปสู่จุดสูงสุด จนกระทั่งปราชัยปิดฉากลง ตราบใดที่ชื่อเสียงและบทบาทของ \"นาซี\" และ \"อดอล์ฟ ฮิตเลอร์\" ยังถูกจดจำไว้เป็นบทเรียนของมนุษยชาติ \"กองกำลังเอสเอส\" ก็ยังคงอยู่ในประวัติศาสตร์สงครามโลก ให้คนรุ่นหลังได้เรียนรู้เป็นกรณีศึกษาต่อไปเช่นกัน', '2005-10-13', NULL, 'book_covers/nztfouqz_sAlOZLe.webp', 1, '2026-04-06 09:43:47.774125', '2026-04-06 09:43:47.774172', 4, '06042026024'),
(31, 'ประวัติศาสตร์โลกจากแผนที่สิบสองฉบับ', '\"แผนที่\" เป็นเอกสารหลักฐานที่มีความน่าพิศวงไม่สิ้นสุด และความกระหายอยากในการสร้างแผนที่ เป็นสัญชาตญาณพื้นฐานของมนุษย์ \"เจอร์รี บรอตตัน\" นักประวัติศาสตร์และผู้เชี่ยวชาญด้านการทำแผนที่ ซึ่งมีความชำนาญในเรื่องนี้ได้แสดงให้เห็นว่า แผนที่ห่างไกลจากการเป็นเอกสารหลักฐานแบบวัตถุวิสัย ซึ่งยึดโยงอย่างเหนียวแน่นกับทัศนะและวาระของช่วงเวลาและสถานที่เฉพาะอย่างไร หนังสือเริ่มต้นที่ภูมิศาสตร์ของทอเลมีและปิดท้ายด้วยแผนที่ของ Google Earth ซึ่งสำรวจโลกทั้งใบด้วยระบบดาวเทียม บรอตตันสืบค้นแผนที่โลกนับสิบฉบับจากทั่วโลก ซึ่งปรากฏขึ้นในช่วงหลายศตวรรษที่ผ่านมา เพื่อสืบสาวราวเรื่องความเป็นจริงทางภูมิศาสตร์ตลอดเส้นทางอันทอดยาวสู่ยุคปัจจุบันของเรา', '2007-10-18', NULL, 'book_covers/7imtqxwy.webp', 1, '2026-04-06 09:45:46.187959', '2026-04-06 09:45:46.188008', 4, '06042026025'),
(32, 'ประวัติศาสตร์เศรษฐกิจโลก', 'เหตุใดการปฏิวัติอุตสาหกรรมจึงเกิดขึ้นในอังกฤษ? อะไรที่อยู่เบื้องหลังปาฏิหาริย์แห่งเอเชียตะวันออกของญี่ปุ่นและเกาหลีใต้ที่ทำให้ไล่กวดตะวันตกได้ทัน? อะไรที่ทำให้จีนผงาดขึ้นจากความยากจนหลังการปฏิรูปในสมัยเติ้งเสี่ยวผิง? ทำไมทุกวันนี้แอฟริกายังยากจนไม่ต่างจากเมื่อหลายศตวรรษก่อน? อะไรที่ทำให้เศรษฐกิจสหรัฐอเมริกากับลาตินอเมริกาแตกต่างราวฟ้ากับเหวทั้งที่อยู่ในพื้นทวีปเดียวกัน? \"ประวัติศาสตร์เศรษฐกิจโลก : ความรู้ฉบับพกพา\" เล่มนี้ จะพาคุณผู้อ่านย้อนอดีตเพื่อไขปริศนาเหล่านี้ รวมถึงสืบค้นปัจจัยที่ส่งผลต่อความสำเร็จและความล้มเหลวในการพัฒนาเศรษฐกิจทั่วโลก ผ่านแว่นตาทางประวัติศาสตร์ที่ให้ความสำคัญกับบริบททางสังคม การเมือง และวัฒนธรรม ควบคู่ไปกับหลักคิดทางเศรษฐศาสตร์', '2016-06-06', NULL, 'book_covers/mrgyievc.webp', 1, '2026-04-06 09:46:21.350210', '2026-04-06 09:46:21.350264', 4, '06042026026'),
(33, 'สมอง มหัศจรรย์ของมนุษย์', 'เรื่องของ \"สมอง\" หรือ \"ประสาทวิทยา\" ฟังผ่าน ๆ เหมือนเรื่องไกลตัว แต่ความจริงแล้วเป็นเรื่องที่ใกล้ตัวเรามากที่สุดเรื่องหนึ่ง สมองทำหน้าที่สั่งการอวัยวะในร่างกาย ส่งผ่านความคิดความรู้สึกของตัวเองไปยังผู้อื่น และรับปฏิกิริยาของผู้อื่นเข้ามาเพื่อทำความเข้าใจ ทั้งหมดนี้เกิดขึ้นแทบตลอดช่วงอายุขัยของคนเรา จึงไม่แปลกที่เราควรเข้าใจการทำงานของสมองให้มาก', '2023-02-03', NULL, 'book_covers/lggvq2g3.webp', 1, '2026-04-06 09:50:13.997381', '2026-04-06 09:50:13.997446', 3, '06042026027'),
(34, 'FUN FACTS วิทยาศาสตร์ฉลาดรู้', 'พบกับข้อเท็จจริงอันน่าทึ่งทางวิทยาศาสตร์ ที่คุณอาจไม่เคยรู้ คุณเคยสงสัยมั้ยว่า..... ทำไมจั้กจี้ตัวเองถึงไม่ขำ? ทำไมท้องฟ้าถึงมีสีฟ้า? สัตว์อะไรอันตรายที่สุดในโลก? ฝันบอกเหตุได้หรือเปล่า? ถ้าติดเกาะร้างจะต้องทำยังไง? เรามีคำตอบพร้อมคำอธิบายทางวิทยาศาสตร์ที่เข้าใจง่ายให้คุณ ซึ่งจะทำให้คุณฉลาดอย่างไม่น่าเชื่อ', '2022-07-14', NULL, 'book_covers/b4b2slk1.webp', 1, '2026-04-06 09:50:53.917326', '2026-04-06 09:50:53.917376', 3, '06042026028'),
(35, '74 Inquiry Experiments วิทยาศาสตร์รอบตัวเรา', 'หนังสือ \"74 Inquiry Experiments วิทยาศาสตร์รอบตัวเรา\" เล่มนี้ อัดแน่นด้วยการทดลองกว่า 70 เรื่อง อาทิ เสียงและการได้ยิน ภาพและการมองเห็น อากาศและความดัน แรง การลอยและการจม สารและความหนาแน่น ที่จะสร้างความตื่นเต้น รอบรู้ และทำให้ฉลาดขึ้น ช่วยไขคำตอบปรากฏการณ์ธรรมชาติรอบตัวอย่างเข้าใจง่าย ด้วยวัสดุอุปกรณ์ที่หาง่าย เรียงลำดับขั้นตอนการทดลองชัดเจน พร้อมภาพประกอบกว่า 400 ภาพ ที่จะช่วยให้เข้าใจเนื้อหามากขึ้น ผู้เขียนเป็นผู้เชี่ยวชาญด้านวิทยาศาสตร์และการสื่อสารวิทยาศาสตร์ให้เด็กและคนทั่วไปเข้าใจง่าย ทำให้เด็ก ๆ รู้ว่าวิทยาศาสตร์ไม่ได้มีอยู่เฉพาะในห้องเรียน แต่เราพบเจอในชีวิตประจำวัน อยู่เป็นประจำจนบางครั้งอาจไม่รู้ตัว', '2023-02-08', NULL, 'book_covers/3kt63n42.webp', 1, '2026-04-06 09:51:30.425522', '2026-04-06 09:51:30.425576', 3, '06042026029'),
(36, 'วิทยาศาสตร์กายภาพ พลังงาน', 'พลังงานเป็นหัวใจสำคัญของทุกการเปลี่ยนแปลงในธรรมชาติ ตั้งแต่การเคลื่อนที่ของวัตถุ การเติบโตของสิ่งมีชีวิต จนถึงการทำงานของเทคโนโลยีรอบตัวเรา ทุกกิจกรรมในชีวิตประจำวันล้วนเกี่ยวข้องกับการใช้พลังงานทั้งสิ้น ไม่ว่าจะเป็นการหุงต้มอาหาร การขับเคลื่อนยานพาหนะ หรือการผลิตไฟฟ้าเพื่อใช้ในบ้านและอุตสาหกรรม หนังสือ วิทยาศาสตร์กายภาพ เรื่อง พลังงาน เล่มนี้ จัดทำขึ้นเพื่อให้ผู้อ่านได้ฝึกทำแบบทดสอบเกี่ยวกับพลังงาน เพื่อช่วยให้ผู้อ่านเข้าใจหลักการทางวิทยาศาสตร์เกี่ยวกับพลังงานได้อย่างชัดเจน และตระหนักถึงความสำคัญของการใช้พลังงานอย่างยั่งยืน', '2021-10-14', NULL, 'book_covers/dq1vh2kq.webp', 1, '2026-04-06 09:53:40.573746', '2026-04-06 09:53:40.573801', 3, '06042026030'),
(37, 'วัสดุนิยม', '\"วัสดุนิยม\" คือแว่นตาวิเศษที่จะพาไปสำรวจโลกเล็กจิ๋วชวนทึ่ง ภายใต้เปลือกนอกของวัตถุที่คุ้นตา ทั้งย้อนอดีตกลับไปยังต้นกำเนิด และแง้มให้เห็นประกายความเป็นไปได้แห่งอนาคต นี่คือหนังสือที่บอกเล่าวิวัฒนาการอันน่าอัศจรรย์ จาก \"วัสดุ\" ธรรมดาสามัญสู่ \"วัตถุ\" ซึ่งเปลี่ยนแปลงโลกของเราไปตลอดกาล', '2017-03-16', NULL, 'book_covers/wwmugb8d.webp', 1, '2026-04-06 09:55:34.746938', '2026-04-06 09:55:34.746989', 3, '06042026031'),
(38, 'ชีวิต: มองผ่านมุมฟิสิกส์', '\"ชีวิตคืออะไร?\" จากคำถามเรียบง่ายที่นักปรัชญาขบคิดผ่านกาลเวลา และนักชีววิทยาเฝ้าแสวงหาคำตอบไม่รู้จบ \"แอร์วิน ชเรอดิงเงอร์\" นักฟิสิกส์รางวัลโนเบล กระโดดร่วมวงเพื่อตอบคำถามแห่งชีวิตผ่านแว่นตาฟิสิกส์ ตกผลึกเป็นงานเขียนวิทยาศาสตร์สุดคลาสสิกแห่งศตวรรษที่ 20 ที่วางรากฐานให้สาขาชีววิทยาโมเลกุล และนำไปสู่การค้นพบกุญแจสำคัญแห่งชีวิตอย่างดีเอ็นเอ', '2018-06-16', NULL, 'book_covers/fm5ntxi1.webp', 1, '2026-04-06 09:56:04.852356', '2026-04-06 09:56:04.852416', 3, '06042026032'),
(39, 'ระบบร่างกายมนุษย์', 'หนังสือที่จะช่วยให้คุณรู้จักกับกลไกธรรมชาติภายในร่างกาย รวมถึงระบบการทำงานและหน้าที่ของอวัยวะต่างๆ เริ่มตั้งแต่ทำความรู้จักกับเซลล์และเนื้อเยื่อ เลือดและภูมิคุ้มกัน พันธุศาสตร์ การเติบโตและพัฒนาการ ระบบประสาท การรับรู้เฉพาะ ระบบหัวใจและหลอดเลือด ระบบทางเดินหายใจ ระบบทางเดินปัสสาวะ ระบบทางเดินอาหาร ระบบต่อมไร้ท่อ ระบบกล้ามเนื้อและโครงกระดูก จุลินทรีย์และปรสิต ระบบสืบพันธุ์ โภชนาการ ภาวะเสื่อมและชราภาพ รวมถึงเรื่องราวของเนื้องอก พิเศษกับ Did you know? เรื่องน่ารู้เกี่ยวกับร่างกาย ทบทวนความรู้กับคำถามท้ายบท พร้อมเฉลย Glossary รวมคำศัพท์ที่ควรรู้ของระบบร่างกาย', '2004-11-18', NULL, 'book_covers/5xgoeemm.jpg', 1, '2026-04-06 09:58:18.245409', '2026-04-06 09:58:18.245455', 3, '06042026033'),
(40, 'คู่มือท่องเอกภพ', '\"คู่มือท่องเอกภพ ฉบับพกพา\" จากปลายปากกาของสามนักฟิสิกส์ดาราศาสตร์ระดับโลก จะพาเราท่องไปในความมหัศจรรย์ของเอกภพ ตื่นตากับดาวนับพันล้านในจุดแสงกะพริบพรายไกลลิบ ตื่นเต้นกับการค้นพบกาแล็กซีและพรมแดนความรู้ใหม่จากหยาดเหงื่อแรงสมอง นับแต่นักคิดยุคกรีกโบราณจนถึงนักวิทยาศาสตร์ยุคล่าสุด และเปิดใจให้กับพลังงานมืดที่ไม่ได้มีแต่ในนิยาย รวมถึงความไม่รู้อีกมากมายที่รอเราอยู่ในอนธการ เอกภพกว้างใหญ่กว่าที่คุณคิด งดงามกว่าที่คุณนึกฝัน และน่าฉงนเกินกว่าคุณจะจินตนาการ ขอชวนพลิกหนังสือเล่มนี้แล้วออกผจญภัยไขปริศนาแห่งจักรวาลไปด้วยกัน ยินดีต้อนรับสู่เอกภพ!', '2023-11-24', NULL, 'book_covers/22ax90du.webp', 1, '2026-04-06 09:59:10.997436', '2026-04-06 09:59:10.997478', 3, '06042026034'),
(41, 'การสร้างภาพเคลื่อนไหว 2 มิติ', 'หนังสือเล่มนี้เหมาะอย่างยิ่งสำหรับ นักเรียน นักศึกษา ครู อาจารย์ ที่เริ่มต้นสร้างงานนำเสนอสร้างสื่อแมบ 20 Animation หรือครูอาจารย์ที่สอนหลักสูตร 20 Animation ได้นำไปใช้เป็นหนังสือ e-Book ประกอบการเรียนการสอน พราะเนื้อหาในหนังสื่อมีใบงานมอบหมายให้ผู้รียนได้ลงมือปฏิบัติหลังจากผู้เรียนจบหลักสูตรจะมีพื้นฐานการทำงาน 20 Animation การใช้งานแอปพลิเคชันที่จำเป็นทางด้านนี้ ทั้งยังช่วยลดการใช้กระถาษอีกด้วย', '2024-06-05', NULL, 'book_covers/yv0e621v.webp', 1, '2026-04-06 10:10:49.663164', '2026-04-06 10:10:49.663219', 5, '06042026035'),
(42, 'สร้างงานกราฟิกง่าย ๆ แบบมืออาชีพด้วย Canva', '\"สร้างงานกราฟิกง่ายๆ แบบมืออาชีพด้วย Canva\" เล่มนี้ จะพาคุณรู้จักกับอินเทอร์เฟซใหม่ของ Canva และคุณสมบัติใหม่ล่าสุดในด้านต่างๆ พร้อมแนะนำวิธีการใช้งานเครื่องมือและเมนูทุกปุ่ม ไม่ว่าจะเป็น การใช้งานเทมเพลต การใส่รูปภาพและข้อความ การปรับแต่งรูปภาพ การสร้างสรรค์งานมีเดีย และการใช้งานแอป นอกจากนี้ยังมีการแนะนำแอปที่จะช่วยให้การทำงานง่ายขึ้นอีกด้วย', '2024-07-11', NULL, 'book_covers/qkchbrt0.webp', 1, '2026-04-06 10:11:22.530067', '2026-04-06 10:11:22.530118', 5, '06042026036'),
(43, 'สุดยอดเคล็ดลับอัพสกิล Photoshop', '\"สุดยอดเคล็ดลับอัพสกิล Photoshop\" เล่มนี้ เกิดขึ้นมาเพื่อแนะนำวิธีเพิ่มพูนทักษะความสามารถในการใช้โปรแกรมได้อย่างอย่างเต็มประสิทธภาพ และช่วยให้งานเร็วขึ้นได้จริง เคล็ดลับในหนังสือเล่มนี้จะเป็นรูปแบบ OnePage/OneStory หมายถึง การนำเสนอข้อมูลหนึ่งหน้าต่อหนึ่งเคล็ดลับเท่านั้น เพื่อให้คุณไม่ต้องพลิกหนังสือกลับหน้าไปมา คุณสามารถทำความเข้าใจเนื้อหาได้ภายในหน้าเดียว และยังสามารถพกหนังสือติดตัวไปไหนต่อไหน พร้อมหยิบมาใช้งานได้ทันทีได้อีกด้วย ซึ่งรูปแบบเนื้อหาที่ค่อนข้างกระชับจึงไม่เหมาะสำหรับมือใหม่ที่ใช้งานไม่เป็นเลย แต่จะเหมาะมากกับผู้ที่ใช้งานเป็นมาแล้วระดับหนึ่ง และอยากอัพสกิล Photoshop ของตัวเองให้ดียิ่งขึ้นไปอีก', '2024-06-11', NULL, 'book_covers/wfinqpfa.jpg', 1, '2026-04-06 10:11:53.140979', '2026-04-06 10:11:53.141033', 5, '06042026037'),
(44, 'Graphic Design Printing & Publishing', 'การทำงานออกแบบสิ่งพิมพ์นั้นมีรายละเอียดที่มากกว่าการออกแบบ มีเรื่องของการเผื่อขอบในการตัดของเครื่องพิมพ์ การแยกสี ซึ่งงานในส่วนนี้จะมีต้นทุนที่ค่อนข้างสูง เพราะฉะนั้น การผิดพลาดเพียงนิดเดียวอาจทำให้เสียทั้งเงินและเวลา หนังสือ \"Graphic Design Printing   Publishing\" เล่มนี้ จึงได้รวบรวมความรู้ทางด้านสื่อสิ่งพิมพ์ จากผู้มีประสบการณ์ในสายงานมามากกว่า 10 ปี ทั้งทางด้านพื้นฐานการใช้ โปรแกรม Photoshop และ Illustrator เครื่องมือที่สำคัญ พร้อมทั้งเทคนิคการออกแบบต่างโดยมี Workshop ให้ได้ฝึกตาม ช่วยให้ผู้อ่านได้พัฒนาฝีมือด้านการออกแบบสิ่งพิมพ์และก้าวสู่มืออาชีพระดับประเทศได้อย่างมั่นใจ', '2025-03-04', NULL, 'book_covers/mfrtqpin.webp', 1, '2026-04-06 10:12:45.150042', '2026-04-06 10:12:45.150097', 5, '06042026038'),
(45, 'ระบบปฏิบัติการ', 'หนังสือที่จะช่วยให้คุณเรียนรู้วิธีการใช้งานระบบปฏิบัติการอย่างเข้าใจง่าย นับตั้งแต่ความรู้ขั้นพื้นฐาน การติดตั้งโปรแกรม การเรียกใช้งาน แนวคิดการจัดการเกี่ยวกับกระบวนการ การจัดการแฟ้ม ระบบรับเข้าและส่งออก ปัญหาและวิธีแก้ไขเกี่ยวกับการประสานเวลา รวมถึงการป้องกันและความปลอดภัย ตลอดจนวิวัฒนาการต่างๆ ของระบบปฏิบัติการ พร้อมแบบทดสอบท้ายบท เพื่อให้ผู้ศึกษาทดสอบความเข้าใจ โดยในเล่มได้อธิบายเนื้อหาอย่างละเอียด เป็นลำดับขั้น เข้าใจง่าย เหมาะสำหรับผู้ที่เริ่มต้นศึกษาด้านคอมพิวเตอร์ และผู้ที่สนใจเกี่ยวกับระบบปฏิบัติการ', '2011-02-09', NULL, 'book_covers/1400tyah.png', 1, '2026-04-06 10:14:21.338295', '2026-04-06 10:14:21.338361', 5, '06042026039'),
(46, 'พัฒนา Web Application ด้วย JavaScript และ Node.js', 'JavaScript ช่วยให้เว็บเพจสามารถทำงานแบบไดนามิกตามเงื่อนไขหรือข้อกำหนดต่างๆ ดังที่เราต้องการ ซึ่งลำพังเพียง HTML อย่างเดียวไม่สามารถทำได้ ด้วยเหตุนี้ JavaScript จึงช่วยให้มีรูปแบบการพัฒนาเว็บไซต์ที่หลากหลาย ส่วน Node.js เป็นเทคโนโลยีทางฝั่งเซิร์ฟเวอร์ที่เขียนโค้ดคำสั่งด้วย JavaScript แล้วประมวลผลบนพื้นฐานของ Google V8 Engine และทำงานแบบ Non-Blocking I/O จึงตอบสนองได้รวดเร็วกว่า ดังนั้น เราสามารถพัฒนาเว็บแอปพลิเคชันทั้งทางฝั่งเบราเซอร์ หรือ Frontend และทางฝั่งเซิร์ฟเวอร์ หรือ Backend ด้วย JavaScript เพียงภาษาเดียว ปัจจุบัน JavaScript เป็นเครื่องมือหลักในการสร้างเว็บที่จำเป็น และขาดไม่ได้ ครอบคลุมกลุ่มผู้ใช้งานกว้างขวาง หนังสือเล่มนี้จึงจัดทำขึ้นโดยมีเนื้อหาครบถ้วนสมบูรณ์และอัปเดตตามลักษณะการใช้งานปัจจุบันมากที่สุด', '2024-02-08', NULL, 'book_covers/h4k6hacs.webp', 1, '2026-04-06 10:14:46.859946', '2026-04-06 10:14:46.859999', 5, '06042026040'),
(47, 'เจาะระบบ Network 3rd Edition', 'ภายในเล่มผู้อ่านจะได้เรียนรู้ถึงเนื้อหาที่สำคัญๆ อันได้แก่ พื้นฐานเครือข่ายคอมพิวเตอร์ สถาปัตยกรรมเครือข่าย สายสัญญาณ เทคโนโลยี LAN   อีเธอร์เน็ต Wireless LAN ระบบเครือข่ายโทรศัพท์มือถือ เทคโนโลยี WAN SONET/SDH amp; MPLS TCP/IP-Network amp; Transport Layer และอื่นๆ อีกมากมาย เรียบเรียงไว้อย่างละเอียด ชัดเจน เป็นลำดับขั้นตอน และง่ายต่อการศึกษาทำความเข้าใจเป็นอย่างยิ่ง เหมาะสำหรับนักเรียน นิสิต นักศึกษา อาจารย์ ผู้ที่ต้องการจะเป็นผู้ดูแลระบบเครือข่าย หรือผู้ที่สนใจทั่วไป', '2024-11-08', NULL, 'book_covers/cula8y0z.webp', 1, '2026-04-06 10:15:21.910595', '2026-04-06 10:15:21.910648', 5, '06042026041'),
(48, 'คู่มือเรียน การวิเคราะห์และออกแบบระบบ', 'หนังสือเล่มนี้แนะนำให้ผู้อ่านรู้จักการวิเคราะห์และออกแบบระบบ ตั้งแต่พื้นฐานจนสามารถนำไปประยุกต์ใช้งานจริงได้ โดยเนื้อหาจะสอนตั้งแต่หลักการพัฒนาระบบสารสนเทศ ระเบียบวิธีการพัฒนาระบบ วิธีการรวบรวมความต้องการของผู้ใช้ การวิเคราะห์ระบบงาน การออกแบบระบบ ตลอดจนการจัดการโครงการพัฒนาระบบ ซึ่งมีตัวอย่างการวิเคราะห์และออกแบบระบบจริง พร้อมคำอธิบายอย่างละเอียด เหมาะสำหรับนักเรียน นักศึกษา และผู้ที่สนใจทั่วไป', '2024-09-04', NULL, 'book_covers/fy97lqum.webp', 1, '2026-04-06 10:16:31.760627', '2026-04-06 10:16:31.760679', 5, '06042026042'),
(49, 'ภาษาอาเซียน ที่คุณต้องรู้', 'หนังสือที่รวบรวมทุกภาษาของอาเซียนไว้อย่างถูกต้อง ครบครัน โดยเจ้าของภาษา ทั้งคำศัพท์ที่แยกหมวดหมู่พร้อมใช้งาน และประโยคสนทนาที่จำเป็นซึ่งสามารถใช้พูดได้ทันที พร้อมข้อมูลสำคัญของแต่ละประเทศ นำไปอ้างอิงได้ทั้งการเรียน สอบ ท่องเที่ยว หรือทำงาน เหมาะสำหรับนักเรียน นิสิต นักศึกษา อาจารย์ และผู้ที่ต้องการเสริมความรู้ เพื่อเข้าสู่ประชาคมอาเซียน', '2017-06-15', NULL, 'book_covers/jkrsoebl.webp', 1, '2026-04-06 10:21:05.867330', '2026-04-06 10:21:05.867382', 7, '06042026043'),
(50, 'หนังสือภาพ 3 ภาษา จีน-อังกฤษ-ไทย ศัพท์จีน ที่เด็ก ๆ ต้องรู้', 'หนังสือภาพคำศัพท์ จีน-อังกฤษ-ไทย ที่เด็กๆ ต้องรู้ในชีวิตประจำวันกว่า 1,000 คำ มีภาพประกอบ 4 สีสวยงามทั้งเล่ม แบ่งเป็นหมวดหมู่ชัดเจน ท่องศัพท์เป็นไวด้วยพินอิน คำอ่าน และคำแปล ช่วยให้จำศัพท์ได้ง่ายและรวดเร็ว พัฒนาทักษะด้านการอ่าน พูด และเขียน จบในเล่มเดียว', '2021-02-18', NULL, 'book_covers/yg4lztpr.webp', 1, '2026-04-06 10:24:30.734819', '2026-04-06 10:24:30.734871', 7, '06042026044'),
(51, 'สนทนาภาษาจีนกลางในชีวิตประจำวัน', 'เริ่มต้นฝึกพูดภาษาจีนกลางจากประโยคพื้นฐานในสถานการณ์ต่างๆ ที่ใช้ในชีวิตประจำวัน ครอบคลุมเรื่องราวใกล้ตัวที่จำเป็นต้องรู้ตั้งแต่การทักทายไปจนถึงการพูดคุยในโอกาสต่างๆ ในแต่ละหัวข้อจะมีรูปประโยค เพื่อให้ผู้เรียนสามารถนำไปปรับใช้ได้อย่างคล่องแคล่ว และแต่ละประโยคจะมีคำอ่านเลียนเสียงภาษาไทยประกอบ เพื่อให้ผู้เรียนฝึกอ่านออกเสียงได้เหมือนเจ้าของภาษา ตัวช่วยเล่มนี้จึงเหมาะสำหรับผู้ที่ต้องการนำไปใช้งานจริง ถึงแม้ไม่มีพื้นฐานก็สามารถเรียนรู้ตามได้อย่างง่ายดาย', '2023-07-11', NULL, 'book_covers/x41ejbbd.jpg', 1, '2026-04-06 10:25:26.542468', '2026-04-06 10:25:26.542521', 7, '06042026045'),
(52, '500 รูปประโยค ภาษาญี่ปุ่น', 'หนังสือเล่มนี้ปรับปรุงจากหนังสือ \"กุญแจสู่ 500 รูปประโยค ภาษาญี่ปุ่นชั้นกลางและสูง\" โดยหัวข้อในแต่ละบทจัดหมวดหมู่สำนวนทางไวยากรณ์ตามความหมาย โดยคำนึงถึงความเกี่ยวโยงกันอย่างเป็นระบบ เพื่อผู้เรียนที่กำลังจะขึ้นชั้นกลาง รวมถึงผู้ที่ต้องการสอบวัดระดับภาษาญี่ปุ่นในระดับ N1-N3 สามารถอ่านและทำความเข้าใจได้ง่ายกว่าการเรียนแบบต่างๆ ไป เรื่อยๆ โดยไร้บริบทที่เกี่ยวข้องกัน นอกจากนี้ ยังได้เพิ่มประโยคตัวอย่างให้สอดคล้องกับแต่ละระดับ พร้อมแบบฝึกหัดท้ายบทเพื่อใช้ทดสอบความเข้าใจในสำนวนทางไวยากรณ์ที่ได้ศึกษาไป โดยแบ่งตามความยากง่าย และมีสัญลักษณ์ บอกระดับกำกับไว้ให้ด้วย', '2023-07-22', NULL, 'book_covers/fuj3k658.webp', 1, '2026-04-06 10:26:15.799616', '2026-04-06 10:26:15.799672', 7, '06042026046'),
(53, 'English for works', 'หนังสือเล่มนี้เขียนขึ้นด้วยวัดถุประสงค์ที่จะช่วยพัฒนาความรู้ความสามารถของผู้เรียนภาษาอังกฤษที่ต้องการนำภาษายังกฤษไปใช้ในการหางานทำ และ/หรือเพื่อพัฒนาการทำงานในสำนักงานเนื้อหาของหนังสือเล่มนี้แบ่งออกเป็น 2 ส่วน คือ  ส่วนการเขียน, ส่วนการพูด', '2020-10-15', NULL, 'book_covers/bkgenp18.webp', 1, '2026-04-06 10:27:39.465813', '2026-04-06 10:27:39.465861', 7, '06042026047'),
(54, 'Perfect English Grammar คัมภีร์ไวยากรณ์อังกฤษ พิชิตข้อสอบ', 'หลายคนอาจคิดว่าไวยากรณ์ภาษาอังกฤษนั้นเป็นเหมือนยาขม และยากเกินกว่าที่จะเข้าใจให้ถ่องแท้ได้ แต่ถ้าเปลี่ยนจากที่คิดว่ายากเป็นความพยายาม ก็จะพบว่าไวยากรณ์ภาษาอังกฤษไม่ได้ยากอย่างที่คิดไว้เลย ถ้าไม่เชื่อ ลองเปิดหนังสือเล่มนี้อ่านดู แล้วจะรู้ว่าแกรมมาร์ที่ว่าเป็นยาขม จะกลายเป็นขนมที่แสนอร่อยได้ยังไง! หนังสือเล่มนี้จะชวนคุณไปทำความเข้าใจไวยากรณ์ภาษาอังกฤษอย่างละเอียด เข้าใจง่าย จำหลักไวยากรณ์ได้ไวด้วยแผนภาพโครงสร้าง พร้อมรูปประโยคตัวอย่างทันสมัย สามารถนำไปปรับใช้ได้ในชีวิตประจำวัน พิเศษ! ตัวอย่างข้อสอบพร้อมเฉลยอย่างละเอียด สอดแทรกเทคนิคการตีโจทย์และการตัดชอยส์ทุกข้อ เหมาะสำหรับใช้เป็นคู่มือประกอบการเรียน-การสอนภาษาอังกฤษ และผู้สนใจทั่วไปสามารถใช้เป็นคู่มือฟื้นฟูหรือเพิ่มพูนทักษะไวยากรณ์ภาษาอังกฤษได้ด้วยตนเอง', '2021-06-17', NULL, 'book_covers/nlwxsnzo.jpg', 1, '2026-04-06 10:28:22.323525', '2026-04-06 10:28:22.323581', 7, '06042026048'),
(55, 'English Grammar ไวยากรณ์ระดับประถม ฉบับสมบูรณ์', 'รวม \"กฎไวยากรณ์ภาษาอังกฤษ\" อย่างละเอียด ครอบคลุมทุกเนื้อหาในระดับประถมศึกษา เริ่มจากง่ายไปยาก นำเสนอด้วยภาษาที่อ่านเข้าใจง่าย กระชับ พร้อมภาพอธิบายแบบแผนภาพ (Infographic) เพื่อให้ผู้อ่านเข้าใจมากยิ่งขึ้น นอกจากนี้ยังมีแนวข้อสอบที่มีประสิทธิภาพและทันสมัยกว่า 2,500 ข้อ เพื่อช่วยฝึกฝนและพัฒนาความรู้ของผู้อ่านด้านไวยากรณ์ให้เข้าใจและเชี่ยวชาญมากยิ่งขึ้น พร้อมช่วยเตรียมตัวสอบและเพิ่มคะแนนสอบภาษาอังกฤษ ทั้งในชั้นเรียน หรือสนามสอบต่าง ๆ ได้อย่างมั่นใจเต็มร้อย', '2020-11-21', NULL, 'book_covers/vs14l43c.jpg', 1, '2026-04-06 10:29:10.687006', '2026-04-06 10:29:10.687057', 7, '06042026049'),
(56, 'ภาษา : ถอดรหัสมหัศจรรย์การสื่อสารของมนุษย์', '\"ภาษา : ถอดรหัสมหัศจรรย์การสื่อสารของมนุษย์\" คือใบเบิกทางสู่โลกของ \"ภาษาศาสตร์\" ศาสตร์แห่งภาษาที่ช่วยให้เราเข้าใจมนุษย์ และช่วยให้มนุษย์เข้าใจภาษา และนี่คือหนังสือที่จะเปิดเผยความมหัศจรรย์เบื้องหลังภาษาที่เราใช้อยู่ทุกเมื่อเชื่อวัน และแสดงให้เห็นว่าแท้จริงแล้ว ภาษานั้นมิใช่ \"กำแพง\" แต่เป็น \"สะพาน\" ที่เชื่อมมนุษยชาติไว้ด้วยกัน', '2025-11-06', NULL, 'book_covers/315xdo6z.webp', 1, '2026-04-06 10:29:56.254253', '2026-04-06 10:29:56.254323', 7, '06042026050'),
(58, 'ตำนานโรงเรียนระทึกขวัญ 5 Legend of Dark School', 'คุณเคยสงสัยบ้างหรือไม่...ว่าก่อนที่จะมาเป็นโรงเรียนที่คุณเรียนอยู่นั้น ที่ดินผืนนั้นมันเคยเป็นอะไรมาก่อน เมื่อโรงเรียนที่มีเด็กนักเรียนวิ่งเล่นอยู่มากมายก่อนนั้นเคยเป็นโรงพยาบาลที่มีคนตายกันเกลื่อนกลาด เมื่อศพนิรนามถูกพบ ในสุสานข้างโรงเรียนแห่งหนึ่ง และมันนำมาซึ่งความตายที่ยากจะหลีกเลี่ยงได้ พิธีกรรมประหลาดเพื่อปลุกวิญญาณผีร้ายให้ออกมาล้างแค้นจึงเริ่มต้นขึ้น..', '2011-06-15', NULL, 'book_covers/r59lqzpl_e3PdhqI.webp', 1, '2026-04-06 10:36:13.246894', '2026-04-06 10:36:13.246950', 1, '06042026051'),
(59, 'เรื่องลี้ลับจากพงไพร', 'วิถีท่องเที่ยวอีกรูปแบบที่คนจำนวนหนึ่งให้ความสนใจก็คือการเดินป่าโดยเฉพาะป่าดิบดงเถื่อนที่มีความสำคัญกับระบบนิเวศน์ อีกทั้งบรรยากาศของป่าก็มักแฝงไปด้วยเรื่องลี้ลับ ราวกับองค์ประกอบของป่าใช่เพียงต้นหมากรากไม้และสัตว์ป่าน้อยใหญ่ และหนึ่งในคนเดินป่าชอบเที่ยวป่าเป็นชีวิตจิตใจย่อมรวมถึง \"ธีระศักดิ์ ศิวะพิรุฬห์เทพ\" ผู้หลงใหลความสวยงามของธรรมชาติ หากแต่การเดินป่าของเขากลับได้พบเรื่องราวแปลกๆ ชวนขนหัวลุก ก่อนจะกลั่นเป็นหนังสือ \"เรื่องลี้ลับจากพงไพร\" ไว้เป็นดุจคติเตือนใจ เพื่อให้ท่านทั้งหลายได้รู้ว่าป่ามีเจ้าที่เจ้าทางเทพาอารักษ์แฝงอยู่ในทุกมิติ', '2012-11-22', NULL, 'book_covers/m1s5gvqe.webp', 1, '2026-04-06 10:37:12.318433', '2026-04-06 10:37:12.318475', 1, '06042026052'),
(60, 'ผีญี่ปุ่น และตำนานเรื่องเล่าสยองขวัญ', 'เรื่องเล่าสยองขวัญที่สนุกสนานน่าขนลุก ทั้งการแก้แค้นของคนตายที่ลุกขึ้นมาฆ่าคนเป็น, ภาพวาดมีชีวิต, เจ้าสาวผีสิงกับเจ้าบ่าวมนุษย์ และนักบวชกินเนื้อมนุษย์ ซึ่ง \"ผีญี่ปุ่น และตำนานเรื่องเล่าสยองขวัญ (Japanese Ghost Stories)\" เหล่านี้ถือได้ว่าเป็นหนังสือคลาสสิกที่สำคัญ ซึ่งถูกเล่าขานโดยปรมาจารย์อย่าง \"ลาฟาดิโอ เฮิร์น\" ผู้หลงเสน่ห์นิทานพื้นบ้านของญี่ปุ่น', '2018-06-15', NULL, 'book_covers/9v1uhi9z.webp', 0, '2026-04-06 10:38:03.048026', '2026-04-06 11:33:39.597327', 1, '06042026053'),
(61, 'ลึกลับ. โตเกียว. เรื่องสั้น. : Tokyo Mysterious Story Collection', 'รวมเรื่องสั้น 5 เรื่องผลงานของ \"ฮารูกิ มูราคามิ\" นักเขียนชื่อเลื่องระดับโลกชาวญี่ปุ่น เรื่องราวลึกลับหลายระดับหลากความเข้มข้น ความบังเอิญชวนฉงน การติดตามคนหายสาบสูญ บ้างไปแล้วไปลับ บ้างไปแล้วพบตัวกลับมา เกิดอะไรขึ้นเมื่อชื่อและนามสกุลหนีหายไปจากความทรงจำ คำสาปของบิดาที่ทำให้บุตรชายไม่อาจปักใจรักหญิงใดในทันที จนกระทั่งก้อนหินรูปไตเข้ามาเขย่าหลายสิ่งหลายอย่าง วิธีสานสัมพันธ์กับผู้หญิงให้ราบรื่น', '2015-02-11', NULL, 'book_covers/r4119xqs.webp', 1, '2026-04-06 10:39:02.681809', '2026-04-06 10:39:02.681857', 1, '06042026054'),
(62, 'เรื่องลึกลับธรรมดา', 'ทำไมเกิดหยดน้ำในกระทะร้อนจี๋? เฮลิคอปเตอร์ ลอยตัวขึ้นและหยุดกลางอากาศได้อย่างไร? ถ้าน้ำแข็งขั้วโลกละลายหมด จะเกิดน้ำท่วมแผ่นดินจริงหรือ? ทำไมแต่ละวันเราเห็นดวงจันทร์มีขนาดไม่เท่ากัน? 1 กิโลกรัม, 1 เมตร,   1 วินาที   คิดค้นขึ้นมาอย่างไร? และอีกหลากหลายเรื่องราวชวนสงสัยบนโลกนี้ สามารถไขความกระจ่างได้โดย \"ฟิสิกส์\" องค์ความรู้ที่ช่วยให้มนุษย์ได้รับประโยชน์อย่างมหาศาลมาตลอดหลายศตวรรษ จากเรื่องธรรมดสามัญจะกลายเป็นเรื่องน่าอัศจรรย์เมื่อวิเคราะห์ในมุมวิทยาศาสตร์ เรื่องลึกลับแปลกประหลาดก็สามารถแปรผันเป็นเรื่องปกติที่อธิบายได้ด้วยหลักเหตุและผลในหนังสือเล่มนี้!', '2013-03-07', NULL, 'book_covers/d7thmixb.webp', 1, '2026-04-06 10:40:15.563570', '2026-04-06 10:40:15.563627', 1, '06042026055'),
(63, 'ประสบการณ์ลี้ลับ บันทึกจากเรื่องจริง', 'รวมเรื่องประสบการณ์ลี้ลับกว่า 100 เรื่อง ทั้งตำนานเก่าแก่ พิธีกรรมอาถรรพ์ เหตุการณ์โศกนาฏกรรม ที่ถูกบันทึกเอาไว้ อย่างปรากฏชัดแจ้ง หรือแอบซ่อนอยู่ ทั้งที่มีผู้รู้และไม่รู้ สู่การสร้างความกระจ่างชัด ว่าเป็นเรื่องจริง เรื่องโกหก เรื่องเล่า หรือเป็นเพียงทฤษฎีสมคบคิด ภายใต้การพิสูจน์ การสัมภาษณ์ และการลงพื้นที่ ซึ่งเรื่องราวเหล่านี้มิใช่มีเพียงความสนุกสนาน อ่านแล้วตื่นเต้น ชวนลุ้น ชวนติดตาม เพียงเท่านั้น แต่หลาย ๆ เรื่องยังสามารถอ้างอิงหลักของวิทยาศาสตร์และพุทธศาสนาอีกด้วย', '2016-06-16', NULL, 'book_covers/olv5yp54.jpg', 1, '2026-04-06 10:40:56.229335', '2026-04-06 11:33:11.586336', 1, '06042026056'),
(64, 'สยองขวัญทั่วโลก', 'เตรียมตัวให้พร้อม! เเล้วออกตามรอยเรื่องลี้ลับทั่วโลก ทำไมถึงเกิดอาถรรพ์กับนักเเสดงละครเวที เรื่องแม็กเบท ผู้ทรยศ ทำไมเจ้าของเกาะกาอีโอลาถึงพบจุดจบอันน่าสะพรึงทุกราย เเละชาวยุโรปโบราณนิยมถ่ายภาพคนตายจริงหรือ เปิดหน้าต่อไปเพื่อหาคำตอบกันได้แล้ว', '2014-12-24', NULL, 'book_covers/ard8rktz.jpg', 1, '2026-04-06 10:41:29.754811', '2026-04-06 11:33:02.037669', 1, '06042026057');

-- --------------------------------------------------------

--
-- Table structure for table `library_book_authors`
--

CREATE TABLE `library_book_authors` (
  `id` int(11) NOT NULL,
  `book_id` bigint(20) NOT NULL,
  `author_id` bigint(20) NOT NULL
) ENGINE=InnoDB DEFAULT CHARSET=utf8mb4 COLLATE=utf8mb4_general_ci;

--
-- Dumping data for table `library_book_authors`
--

INSERT INTO `library_book_authors` (`id`, `book_id`, `author_id`) VALUES
(4, 5, 3),
(5, 6, 4),
(6, 7, 5),
(7, 8, 6),
(8, 9, 7),
(9, 10, 8),
(10, 11, 9),
(11, 12, 6),
(12, 13, 7),
(13, 14, 6),
(14, 15, 10),
(15, 16, 10),
(16, 17, 10),
(17, 18, 11),
(18, 19, 11),
(19, 20, 11),
(20, 21, 12),
(21, 22, 11),
(23, 24, 13),
(24, 25, 14),
(25, 26, 13),
(26, 27, 15),
(28, 29, 16),
(29, 30, 16),
(30, 31, 17),
(31, 32, 17),
(32, 33, 18),
(33, 34, 18),
(34, 35, 18),
(35, 36, 19),
(36, 37, 20),
(37, 38, 20),
(38, 39, 19),
(39, 40, 20),
(40, 41, 21),
(41, 42, 21),
(42, 43, 21),
(43, 44, 21),
(44, 45, 22),
(45, 46, 22),
(46, 47, 22),
(47, 48, 22),
(48, 49, 23),
(49, 50, 23),
(50, 51, 23),
(51, 52, 23),
(52, 53, 24),
(53, 54, 24),
(54, 55, 24),
(55, 56, 24),
(57, 58, 25),
(58, 59, 25),
(59, 60, 25),
(60, 61, 25),
(61, 62, 26),
(62, 63, 26),
(63, 64, 26);

-- --------------------------------------------------------

--
-- Table structure for table `library_borrowing`
--

CREATE TABLE `library_borrowing` (
  `id` bigint(20) NOT NULL,
  `borrow_date` datetime(6) NOT NULL,
  `return_date` datetime(6) DEFAULT NULL,
  `due_date` datetime(6) NOT NULL,
  `is_returned` tinyint(1) NOT NULL,
  `book_id` bigint(20) NOT NULL,
  `student_id` int(11) NOT NULL
) ENGINE=InnoDB DEFAULT CHARSET=utf8mb4 COLLATE=utf8mb4_general_ci;

--
-- Dumping data for table `library_borrowing`
--

INSERT INTO `library_borrowing` (`id`, `borrow_date`, `return_date`, `due_date`, `is_returned`, `book_id`, `student_id`) VALUES
(12, '2026-04-06 11:11:42.580719', '2026-04-06 11:33:11.580809', '2026-04-13 11:11:42.580545', 1, 63, 6),
(13, '2026-04-06 11:13:00.704399', '2026-04-06 11:33:02.032800', '2026-04-13 11:13:00.704224', 1, 64, 6),
(14, '2026-04-06 11:33:39.594961', NULL, '2026-04-13 11:33:39.594789', 0, 60, 6);

-- --------------------------------------------------------

--
-- Table structure for table `library_category`
--

CREATE TABLE `library_category` (
  `id` bigint(20) NOT NULL,
  `name` varchar(100) NOT NULL,
  `description` longtext NOT NULL,
  `created_at` datetime(6) NOT NULL
) ENGINE=InnoDB DEFAULT CHARSET=utf8mb4 COLLATE=utf8mb4_general_ci;

--
-- Dumping data for table `library_category`
--

INSERT INTO `library_category` (`id`, `name`, `description`, `created_at`) VALUES
(1, 'สยองขวัญ', 'เรื่องผีๆ หน้ากลัวๆ', '2026-03-29 04:07:10.450331'),
(2, 'วรรณกรรมและนิยาย', 'โลกแห่งจินตนาการ นิยายสืบสวน ผจญภัย และวรรณกรรมแปลที่วัยรุ่นห้ามพลาด', '2026-04-06 06:50:20.057370'),
(3, 'วิทยาศาสตร์และเทคโนโลยี', 'เจาะลึกเรื่องอวกาศ ฟิสิกส์ เคมี ชีววิทยา และนวัตกรรมเปลี่ยนโลก', '2026-04-06 06:50:45.755950'),
(4, 'ประวัติศาสตร์และสังคมศาสตร์', 'ย้อนรอยเหตุการณ์สำคัญของโลก ทำความเข้าใจการเมือง ปกครอง และสังคมไทย', '2026-04-06 06:51:00.212448'),
(5, 'คอมพิวเตอร์และกราฟิก', 'คู่มือการเขียนโปรแกรม การตัดต่อวิดีโอ การใช้ AI และศิลปะดิจิทัล', '2026-04-06 06:51:16.125926'),
(6, 'คู่มือเตรียมสอบและกวดวิชา', 'รวมสรุปเนื้อหา แนวข้อสอบเข้ามหาวิทยาลัย และเทคนิคการเรียนสำหรับชั้นมัธยม', '2026-04-06 06:51:53.473024'),
(7, 'ภาษาและวัฒนธรรม', 'พัฒนาทักษะภาษาอังกฤษ จีน ญี่ปุ่น และเรียนรู้วัฒนธรรมที่หลากหลายจากทั่วโลก', '2026-04-06 06:52:09.635667');

-- --------------------------------------------------------

--
-- Table structure for table `library_favorite`
--

CREATE TABLE `library_favorite` (
  `id` bigint(20) NOT NULL,
  `created_at` datetime(6) NOT NULL,
  `book_id` bigint(20) NOT NULL,
  `user_id` int(11) NOT NULL
) ENGINE=InnoDB DEFAULT CHARSET=utf8mb4 COLLATE=utf8mb4_general_ci;

--
-- Dumping data for table `library_favorite`
--

INSERT INTO `library_favorite` (`id`, `created_at`, `book_id`, `user_id`) VALUES
(2, '2026-04-06 10:58:08.857062', 64, 1),
(3, '2026-04-06 10:58:10.770748', 62, 1),
(4, '2026-04-06 10:58:11.507779', 63, 1);

-- --------------------------------------------------------

--
-- Table structure for table `library_review`
--

CREATE TABLE `library_review` (
  `id` bigint(20) NOT NULL,
  `rating` int(11) NOT NULL,
  `comment` longtext NOT NULL,
  `created_at` datetime(6) NOT NULL,
  `book_id` bigint(20) NOT NULL,
  `student_id` int(11) NOT NULL
) ENGINE=InnoDB DEFAULT CHARSET=utf8mb4 COLLATE=utf8mb4_general_ci;

--
-- Indexes for dumped tables
--

--
-- Indexes for table `auth_group`
--
ALTER TABLE `auth_group`
  ADD PRIMARY KEY (`id`),
  ADD UNIQUE KEY `name` (`name`);

--
-- Indexes for table `auth_group_permissions`
--
ALTER TABLE `auth_group_permissions`
  ADD PRIMARY KEY (`id`),
  ADD UNIQUE KEY `auth_group_permissions_group_id_permission_id_0cd325b0_uniq` (`group_id`,`permission_id`),
  ADD KEY `auth_group_permissio_permission_id_84c5c92e_fk_auth_perm` (`permission_id`);

--
-- Indexes for table `auth_permission`
--
ALTER TABLE `auth_permission`
  ADD PRIMARY KEY (`id`),
  ADD UNIQUE KEY `auth_permission_content_type_id_codename_01ab375a_uniq` (`content_type_id`,`codename`);

--
-- Indexes for table `auth_user`
--
ALTER TABLE `auth_user`
  ADD PRIMARY KEY (`id`),
  ADD UNIQUE KEY `username` (`username`);

--
-- Indexes for table `auth_user_groups`
--
ALTER TABLE `auth_user_groups`
  ADD PRIMARY KEY (`id`),
  ADD UNIQUE KEY `auth_user_groups_user_id_group_id_94350c0c_uniq` (`user_id`,`group_id`),
  ADD KEY `auth_user_groups_group_id_97559544_fk_auth_group_id` (`group_id`);

--
-- Indexes for table `auth_user_user_permissions`
--
ALTER TABLE `auth_user_user_permissions`
  ADD PRIMARY KEY (`id`),
  ADD UNIQUE KEY `auth_user_user_permissions_user_id_permission_id_14a6b632_uniq` (`user_id`,`permission_id`),
  ADD KEY `auth_user_user_permi_permission_id_1fbb5f2c_fk_auth_perm` (`permission_id`);

--
-- Indexes for table `django_admin_log`
--
ALTER TABLE `django_admin_log`
  ADD PRIMARY KEY (`id`),
  ADD KEY `django_admin_log_content_type_id_c4bce8eb_fk_django_co` (`content_type_id`),
  ADD KEY `django_admin_log_user_id_c564eba6_fk_auth_user_id` (`user_id`);

--
-- Indexes for table `django_content_type`
--
ALTER TABLE `django_content_type`
  ADD PRIMARY KEY (`id`),
  ADD UNIQUE KEY `django_content_type_app_label_model_76bd3d3b_uniq` (`app_label`,`model`);

--
-- Indexes for table `django_migrations`
--
ALTER TABLE `django_migrations`
  ADD PRIMARY KEY (`id`);

--
-- Indexes for table `django_session`
--
ALTER TABLE `django_session`
  ADD PRIMARY KEY (`session_key`),
  ADD KEY `django_session_expire_date_a5c62663` (`expire_date`);

--
-- Indexes for table `library_author`
--
ALTER TABLE `library_author`
  ADD PRIMARY KEY (`id`);

--
-- Indexes for table `library_book`
--
ALTER TABLE `library_book`
  ADD PRIMARY KEY (`id`),
  ADD UNIQUE KEY `serial_number` (`serial_number`),
  ADD KEY `library_book_category_id_c90a2d6d_fk` (`category_id`);

--
-- Indexes for table `library_book_authors`
--
ALTER TABLE `library_book_authors`
  ADD PRIMARY KEY (`id`),
  ADD UNIQUE KEY `library_book_authors_book_id_author_id_5a77f71a_uniq` (`book_id`,`author_id`),
  ADD KEY `library_book_authors_author_id_93ee7ed3_fk` (`author_id`);

--
-- Indexes for table `library_borrowing`
--
ALTER TABLE `library_borrowing`
  ADD PRIMARY KEY (`id`),
  ADD KEY `library_borrowing_student_id_5edbe1fd_fk_auth_user_id` (`student_id`),
  ADD KEY `library_borrowing_book_id_339e1800_fk` (`book_id`);

--
-- Indexes for table `library_category`
--
ALTER TABLE `library_category`
  ADD PRIMARY KEY (`id`),
  ADD UNIQUE KEY `name` (`name`);

--
-- Indexes for table `library_favorite`
--
ALTER TABLE `library_favorite`
  ADD PRIMARY KEY (`id`),
  ADD UNIQUE KEY `library_favorite_user_id_book_id_ff619286_uniq` (`user_id`,`book_id`),
  ADD KEY `library_favorite_book_id_8647cae3_fk_library_book_id` (`book_id`);

--
-- Indexes for table `library_review`
--
ALTER TABLE `library_review`
  ADD PRIMARY KEY (`id`),
  ADD UNIQUE KEY `library_review_book_id_student_id_c3f9d5d0_uniq` (`book_id`,`student_id`),
  ADD KEY `library_review_student_id_b855301a_fk_auth_user_id` (`student_id`);

--
-- AUTO_INCREMENT for dumped tables
--

--
-- AUTO_INCREMENT for table `auth_group`
--
ALTER TABLE `auth_group`
  MODIFY `id` int(11) NOT NULL AUTO_INCREMENT;

--
-- AUTO_INCREMENT for table `auth_group_permissions`
--
ALTER TABLE `auth_group_permissions`
  MODIFY `id` int(11) NOT NULL AUTO_INCREMENT;

--
-- AUTO_INCREMENT for table `auth_permission`
--
ALTER TABLE `auth_permission`
  MODIFY `id` int(11) NOT NULL AUTO_INCREMENT, AUTO_INCREMENT=49;

--
-- AUTO_INCREMENT for table `auth_user`
--
ALTER TABLE `auth_user`
  MODIFY `id` int(11) NOT NULL AUTO_INCREMENT, AUTO_INCREMENT=11;

--
-- AUTO_INCREMENT for table `auth_user_groups`
--
ALTER TABLE `auth_user_groups`
  MODIFY `id` int(11) NOT NULL AUTO_INCREMENT;

--
-- AUTO_INCREMENT for table `auth_user_user_permissions`
--
ALTER TABLE `auth_user_user_permissions`
  MODIFY `id` int(11) NOT NULL AUTO_INCREMENT;

--
-- AUTO_INCREMENT for table `django_admin_log`
--
ALTER TABLE `django_admin_log`
  MODIFY `id` int(11) NOT NULL AUTO_INCREMENT, AUTO_INCREMENT=5;

--
-- AUTO_INCREMENT for table `django_content_type`
--
ALTER TABLE `django_content_type`
  MODIFY `id` int(11) NOT NULL AUTO_INCREMENT, AUTO_INCREMENT=13;

--
-- AUTO_INCREMENT for table `django_migrations`
--
ALTER TABLE `django_migrations`
  MODIFY `id` int(11) NOT NULL AUTO_INCREMENT, AUTO_INCREMENT=26;

--
-- AUTO_INCREMENT for table `library_author`
--
ALTER TABLE `library_author`
  MODIFY `id` bigint(20) NOT NULL AUTO_INCREMENT, AUTO_INCREMENT=27;

--
-- AUTO_INCREMENT for table `library_book`
--
ALTER TABLE `library_book`
  MODIFY `id` bigint(20) NOT NULL AUTO_INCREMENT, AUTO_INCREMENT=65;

--
-- AUTO_INCREMENT for table `library_book_authors`
--
ALTER TABLE `library_book_authors`
  MODIFY `id` int(11) NOT NULL AUTO_INCREMENT, AUTO_INCREMENT=64;

--
-- AUTO_INCREMENT for table `library_borrowing`
--
ALTER TABLE `library_borrowing`
  MODIFY `id` bigint(20) NOT NULL AUTO_INCREMENT, AUTO_INCREMENT=15;

--
-- AUTO_INCREMENT for table `library_category`
--
ALTER TABLE `library_category`
  MODIFY `id` bigint(20) NOT NULL AUTO_INCREMENT, AUTO_INCREMENT=8;

--
-- AUTO_INCREMENT for table `library_favorite`
--
ALTER TABLE `library_favorite`
  MODIFY `id` bigint(20) NOT NULL AUTO_INCREMENT, AUTO_INCREMENT=5;

--
-- AUTO_INCREMENT for table `library_review`
--
ALTER TABLE `library_review`
  MODIFY `id` bigint(20) NOT NULL AUTO_INCREMENT, AUTO_INCREMENT=2;

--
-- Constraints for dumped tables
--

--
-- Constraints for table `auth_group_permissions`
--
ALTER TABLE `auth_group_permissions`
  ADD CONSTRAINT `auth_group_permissio_permission_id_84c5c92e_fk_auth_perm` FOREIGN KEY (`permission_id`) REFERENCES `auth_permission` (`id`),
  ADD CONSTRAINT `auth_group_permissions_group_id_b120cbf9_fk_auth_group_id` FOREIGN KEY (`group_id`) REFERENCES `auth_group` (`id`);

--
-- Constraints for table `auth_permission`
--
ALTER TABLE `auth_permission`
  ADD CONSTRAINT `auth_permission_content_type_id_2f476e4b_fk_django_co` FOREIGN KEY (`content_type_id`) REFERENCES `django_content_type` (`id`);

--
-- Constraints for table `auth_user_groups`
--
ALTER TABLE `auth_user_groups`
  ADD CONSTRAINT `auth_user_groups_group_id_97559544_fk_auth_group_id` FOREIGN KEY (`group_id`) REFERENCES `auth_group` (`id`),
  ADD CONSTRAINT `auth_user_groups_user_id_6a12ed8b_fk_auth_user_id` FOREIGN KEY (`user_id`) REFERENCES `auth_user` (`id`);

--
-- Constraints for table `auth_user_user_permissions`
--
ALTER TABLE `auth_user_user_permissions`
  ADD CONSTRAINT `auth_user_user_permi_permission_id_1fbb5f2c_fk_auth_perm` FOREIGN KEY (`permission_id`) REFERENCES `auth_permission` (`id`),
  ADD CONSTRAINT `auth_user_user_permissions_user_id_a95ead1b_fk_auth_user_id` FOREIGN KEY (`user_id`) REFERENCES `auth_user` (`id`);

--
-- Constraints for table `django_admin_log`
--
ALTER TABLE `django_admin_log`
  ADD CONSTRAINT `django_admin_log_content_type_id_c4bce8eb_fk_django_co` FOREIGN KEY (`content_type_id`) REFERENCES `django_content_type` (`id`),
  ADD CONSTRAINT `django_admin_log_user_id_c564eba6_fk_auth_user_id` FOREIGN KEY (`user_id`) REFERENCES `auth_user` (`id`);

--
-- Constraints for table `library_book`
--
ALTER TABLE `library_book`
  ADD CONSTRAINT `library_book_category_id_c90a2d6d_fk` FOREIGN KEY (`category_id`) REFERENCES `library_category` (`id`);

--
-- Constraints for table `library_book_authors`
--
ALTER TABLE `library_book_authors`
  ADD CONSTRAINT `library_book_authors_author_id_93ee7ed3_fk` FOREIGN KEY (`author_id`) REFERENCES `library_author` (`id`),
  ADD CONSTRAINT `library_book_authors_book_id_14d130f6_fk` FOREIGN KEY (`book_id`) REFERENCES `library_book` (`id`);

--
-- Constraints for table `library_borrowing`
--
ALTER TABLE `library_borrowing`
  ADD CONSTRAINT `library_borrowing_book_id_339e1800_fk` FOREIGN KEY (`book_id`) REFERENCES `library_book` (`id`),
  ADD CONSTRAINT `library_borrowing_student_id_5edbe1fd_fk_auth_user_id` FOREIGN KEY (`student_id`) REFERENCES `auth_user` (`id`);

--
-- Constraints for table `library_favorite`
--
ALTER TABLE `library_favorite`
  ADD CONSTRAINT `library_favorite_book_id_8647cae3_fk_library_book_id` FOREIGN KEY (`book_id`) REFERENCES `library_book` (`id`),
  ADD CONSTRAINT `library_favorite_user_id_755967f5_fk_auth_user_id` FOREIGN KEY (`user_id`) REFERENCES `auth_user` (`id`);

--
-- Constraints for table `library_review`
--
ALTER TABLE `library_review`
  ADD CONSTRAINT `library_review_book_id_3ba0bb54_fk` FOREIGN KEY (`book_id`) REFERENCES `library_book` (`id`),
  ADD CONSTRAINT `library_review_student_id_b855301a_fk_auth_user_id` FOREIGN KEY (`student_id`) REFERENCES `auth_user` (`id`);
COMMIT;

/*!40101 SET CHARACTER_SET_CLIENT=@OLD_CHARACTER_SET_CLIENT */;
/*!40101 SET CHARACTER_SET_RESULTS=@OLD_CHARACTER_SET_RESULTS */;
/*!40101 SET COLLATION_CONNECTION=@OLD_COLLATION_CONNECTION */;
